,Adj Close,NASDAQ,Dow_Jones,S&P_500,SOX,USD_index,VIX,WTI,BADI,Symbol,type
0,1.0,0.250707103671854,0.09414951249081227,0.12982061132477507,0.24896477128270583,-0.2235626475437566,-0.2763028881773115,-0.392702165291204,-0.05813204374409054,AAOI,tech
1,1.0,0.7795968206101872,0.8619092365435285,0.8894077389435772,0.8490732251498527,0.4214753405926624,-0.6172761388193507,0.6966812634118366,0.26316251656287915,AAPL,tech
2,1.0,0.2999080792112825,0.025943063172975536,-0.025031371358377224,-0.09650322819387755,-0.8768857475699747,-0.1228748120340612,-0.4791984044638855,0.6680248721268038,ACCD,tech
3,1.0,0.3974493230637301,0.20881486221092216,0.19580578886592317,0.2347637202518802,-0.7099874663777253,-0.23910870639347068,-0.15091270173264415,0.29864500386462506,ACIW,tech
4,1.0,0.4323148313951747,0.6008614683650011,0.6120815747840915,0.6238092494442127,0.5792264754524183,-0.5280066473629167,0.4687292378897598,-0.133130937624109,ACLS,tech
5,1.0,0.5365596103419886,0.20735553122497136,0.2643978322180778,0.299043335716016,-0.6808167207070143,-0.19629983363092962,-0.12739228482977935,0.5431291102988487,ACMR,tech
6,1.0,-0.8174070438627185,-0.8432869700716144,-0.8389551960793974,-0.8082807834512037,-0.41953796209271654,0.4866199730773681,-0.3193226461749935,-0.6457828570955382,ACON,tech
7,1.0,0.7745168607264916,0.5493312687007309,0.5985028215332988,0.5959627988974263,-0.3997968164611449,-0.49348228237423614,0.09418272623129352,0.5955414928031659,ADBE,tech
8,1.0,0.6034259321595339,0.7541205768992835,0.7111911478777592,0.7312264554851028,0.3291253751650209,-0.6392826146060745,0.3631410370723003,0.04271497586737769,ADEA,tech
9,1.0,0.7991479443604816,0.9112631074669074,0.9159861755955073,0.9080750562314431,0.37648128174115936,-0.6894536173691634,0.6242910694959186,0.27004973755400696,ADI,tech
10,1.0,0.58163317564022,0.33950730715295613,0.3313752895650171,0.3198354709458117,-0.6917012809265107,-0.3649642017334754,-0.10706329284309599,0.5591894237455519,ADSK,tech
11,1.0,0.24577498147287116,-0.016350727097514478,-0.0061759410500591425,0.0793591167569288,-0.6409844848095955,-0.09207828188080314,-0.33858290184881007,0.17181796804345184,AEYE,tech
12,1.0,0.5249757183151982,0.3069514228643993,0.3499381097561137,0.24241968570323066,-0.704125394572959,-0.08112617483548316,-0.09549476744854415,0.7042859251777922,AFRM,tech
13,1.0,0.5819878314237868,0.7808342622234894,0.7417567252717866,0.7383417054466431,0.4839479945850727,-0.6402497589713123,0.49351116910123977,0.07866698970121985,AGYS,tech
14,1.0,0.5154864689007419,0.3038213473380656,0.46996618444078875,0.45603033460409115,0.17927706761870948,-0.20723621890630545,0.3651306497420713,0.08519031204739862,AIP,tech
15,1.0,0.017740837203716383,-0.1989037614830715,-0.23652188102737684,-0.23879540753089454,-0.802554010655612,0.08434956366577609,-0.30037632720642177,0.3119134782710028,AIRG,tech
16,1.0,-0.3548261870604276,-0.459609307539838,-0.3832699923886093,-0.43789514104311994,-0.06321414081326626,0.6409446767691015,0.8376214951947157,0.4667108202347193,AKLI,tech
17,1.0,0.03830299065322907,0.0996454767715545,0.05049270221618908,0.1139543015755829,-0.20491581736786244,-0.4288532394134995,-0.4919053110220252,-0.2997531794501757,ALGM,tech
18,1.0,0.8430521980191658,0.8449366034850697,0.8601377032308232,0.8705385367617285,0.03285762079011272,-0.6799782821574286,-0.3923472010343453,0.09052393215702628,ALKT,tech
19,1.0,0.7909608461993032,0.8985627497276513,0.8758596265330718,0.8174867993428695,0.1692452732866888,-0.6439373963832834,0.6184504495700167,0.46065929717688503,ALOT,tech
20,1.0,0.5707372442948391,0.3292299877843189,0.34109223773122777,0.32702567770737234,-0.5591957485260625,-0.23233630710355557,0.09619733153337648,0.5749166898398185,ALRM,tech
21,1.0,0.9381542015979524,0.9104232206796709,0.9386046277560495,0.946904359727719,0.0736964708060837,-0.6960617443257178,0.4826764792412335,0.45411303630296745,ALTR,tech
22,1.0,0.9072933735312521,0.9290236730407441,0.9629321968046514,0.98382026713224,0.21942526060847756,-0.6451398244159501,0.5416728168156005,0.3688658158549012,AMAT,tech
23,1.0,0.4212927913406287,0.31142606013738805,0.3039688511913838,0.21997740495125936,-0.43341317132927126,-0.15366773005715664,0.22660659449090698,0.5339451217938231,AMBA,tech
24,1.0,0.8799353616202149,0.82116829636388,0.8901164217731451,0.9359085875686703,0.14959701463972597,-0.5541957735260246,0.41763022491636403,0.3171606316705271,AMD,tech
25,1.0,0.781107345828587,0.915284769472688,0.8963607566559434,0.8861213679579182,0.3296974807551993,-0.6798817708840014,0.5686748066044984,0.2851743161539798,AMKR,tech
26,1.0,0.09308028847943564,-0.055724739683547624,-0.05473422041055999,-0.15478000871252978,-0.7186110021388209,0.19642373881011135,-0.0007680089218673481,0.37879566395380626,AMPG,tech
27,1.0,0.019983891124912157,-0.18632781444279964,-0.12104471479336343,-0.21109451277757144,-0.6387032209172513,0.4096249573023311,0.25606751197620964,0.42309473198145203,AMPGW,tech
28,1.0,-0.5788107736657756,-0.5482891277818852,-0.5845862895708124,-0.6289513417434456,0.47253379116886385,0.6687763885796449,0.4886542567970198,-0.1030511795327456,AMPL,tech
29,1.0,0.2972079854997238,0.01293223761067205,0.024994590686023478,-0.08588447547806821,-0.8289361293968753,0.02191706929538822,-0.19496985745014972,0.7501959000985682,AMST,tech
30,1.0,0.19812457872412922,0.0488689022934689,0.03441323764693499,-0.07545508069758916,-0.5555955829356654,0.0495692193834279,0.10162638375906775,0.5889908284402422,AMSWA,tech
31,1.0,0.07275046450986039,-0.18340984033009605,-0.2023042661234084,-0.30973457441026586,-0.7379551145823946,0.15445504439671257,-0.16419050026100204,0.6636749564990245,AMWL,tech
32,1.0,-0.047214863702104044,-0.341101883507854,-0.3430204467649636,-0.33211541471013073,-0.8920255860283773,0.12561341280527646,-0.4821095666211197,0.30197125708515143,ANGI,tech
33,1.0,0.7231875514682282,0.46366416094442847,0.5000637884466856,0.5320459291655293,-0.6241871170217024,-0.47899351755325753,-0.07418987945392852,0.44540735244313306,ANSS,tech
34,1.0,0.31861082293500853,0.35641459747178417,0.3148002186333856,0.3077100982846822,-0.07662242632554846,-0.33390050468185783,0.20578679312377837,0.027806457493850655,APCX,tech
35,1.0,0.7975909678913531,0.8887636456175947,0.9165970306840387,0.9368905267987679,0.4336299992794863,-0.6346268244123177,0.5491207466976539,0.19465444706194887,APH,tech
36,1.0,0.8391119190710006,0.6902402084966747,0.809207280652247,0.7673536015385184,-0.3687366990763644,-0.26995826204322304,0.14919903001501542,0.43158450901822754,APP,tech
37,1.0,0.5584027128577129,0.45187464150944784,0.5117889019810834,0.6418462990873762,0.053983973072538466,-0.5155589718710016,-0.07948547157018199,-0.07706128550106749,APPF,tech
38,1.0,0.1830176552219199,-0.06335364685167881,-0.08289834913306501,-0.06998806650992409,-0.7385870432486608,-0.034391098828246765,-0.22956865430538037,0.3060519678307323,APPN,tech
39,1.0,0.316709631670529,0.10901105651779308,0.08257942114113889,0.019072403837145646,-0.7439851007399423,-0.05369524793556713,-0.0005126479085789784,0.6091471994480534,APPS,tech
40,1.0,0.8262479336351075,0.7649134847579835,0.8376035498477414,0.8746808974496493,0.14791915289048843,-0.5758108551721485,0.49757521275112404,0.22898873906049427,ARLO,tech
41,1.0,-0.1995873267038737,-0.16986458173659413,-0.23413392806957972,-0.21542741146425906,0.08240267179376481,-0.31824143780814274,-0.47626927403034447,-0.25499733376976597,ARRY,tech
42,1.0,0.779019014504459,0.8896999218887706,0.8772532235221019,0.8085700302489799,0.22736780167938958,-0.6650328288835292,0.7585179106247696,0.38605358647879817,ARW,tech
43,1.0,0.7409239654520924,0.7346599093464542,0.7222448323902012,0.6035840223774975,-0.09003504122794252,-0.4480903942480244,0.6571443328671913,0.6865698005666754,ASGN,tech
44,1.0,-0.6128753807907061,-0.6153785677003575,-0.6005657548834418,-0.5617344868818825,-0.439541807047833,0.19288813483881062,-0.37279345744553605,-0.6284730266968456,ASTI,tech
45,1.0,0.22361089123433142,0.33959951788766873,0.2876993682160721,0.2895641176298674,0.02770063735605916,-0.46719269256146684,0.06832848314912493,-0.0839687062735773,ASUR,tech
46,1.0,0.27237029644221883,0.32480266013484854,0.269534002925674,0.12111971468406912,-0.10912246035129226,-0.2356911756731305,0.46930398003738333,0.43990628399819215,ASYS,tech
47,1.0,0.6398004782662529,0.8421346917729425,0.8351166698921806,0.8138889718457029,0.5623862058374479,-0.587111117687749,0.6744731597373259,0.12865039718797755,ATKR,tech
48,1.0,0.36141835588770177,0.13621191393216248,0.1280265321531326,0.08311751725023862,-0.634559369176985,-0.08344372887969005,0.0352014753968727,0.5670451606889646,ATOM,tech
49,1.0,0.46967114782139996,0.392422052165851,0.41575088097360385,0.4046746414099014,-0.22049317839875968,-0.5794003145386604,-0.2899326178686964,0.03918831704834815,AUGX,tech
50,1.0,-0.12781539817156107,-0.30715332886953534,-0.18097397891492092,-0.2565724935381149,-0.013942917511126954,0.6029705026573171,0.7971910640496324,0.5538806552151115,AUID,tech
51,1.0,0.39729174951782104,0.23995957239824406,0.3363133648169963,0.2349634317591085,-0.5202971478762024,0.1293943012184371,0.46506652017763567,0.4068873123064053,AUR,tech
52,1.0,-0.2493079372613933,-0.3801123135195153,-0.35854112120574927,-0.4568958724436924,-0.44076038212970375,0.6210678876254644,0.34637837565253904,0.3300842543998475,AUUD,tech
53,1.0,0.7532855993965292,0.8218011025415402,0.7854778835806706,0.7714708549399154,-0.44314907075239157,-0.7153052778727058,-0.3941691441214162,0.07447190659083464,AVDX,tech
54,1.0,0.7099964278160981,0.780818418500545,0.8288051013783878,0.8946263562000413,0.4729994852576687,-0.5696484917384106,0.4371879785076652,0.058388869901177844,AVGO,tech
55,1.0,0.2675402983898042,-0.17038074060103356,-0.13091847210266316,0.011366392654786384,-0.7718851647346112,-0.10215365356371199,-0.6829970608166213,0.1856203653470522,AVPT,tech
56,1.0,0.6224492930786515,0.8372595935415892,0.8129216267810883,0.7812833571433231,0.5326835096641414,-0.6512124619910737,0.7291224766442759,0.14293441182125094,AVT,tech
57,1.0,-0.000539899640480444,-0.2505139750268049,-0.25696530457677413,-0.27069424852154933,-0.835818341393967,0.16057857624315805,-0.31162209824273335,0.40207895385004466,AWRE,tech
58,1.0,0.18630754481867853,0.0029010940415860964,-0.02672292704761599,-0.07545275172877446,-0.6528386082422002,0.010856227938954303,-0.03736792749914945,0.4184192733895599,AXTI,tech
59,1.0,0.3057348537321974,0.5944434388248017,0.5428022013327901,0.47721078657703786,0.7455137535828484,-0.41366313264923604,0.6826200805773216,-0.02316732866075149,AZPN,tech
60,1.0,-0.13756116897896015,-0.44780737602275517,-0.44185005707031255,-0.38877819792810847,-0.8786361649412872,0.20661016864138335,-0.6556586332993389,0.12871848863102506,BAND,tech
61,1.0,0.8427754555530358,0.8359344185754082,0.8488997410371946,0.8280086481260254,-0.19840972509096585,-0.5922788411805816,-0.20979679675732388,0.21651264785997598,BASE,tech
62,1.0,0.6624488242093598,0.7238746945858177,0.7045533232337988,0.7283020660756281,0.05022715866160187,-0.6298643605971156,0.3198790177771383,0.17647148509215188,BCO,tech
63,1.0,-0.06484558637711202,-0.2902637804302273,-0.32523907329510715,-0.3279238094933743,-0.8123291213471732,0.15152499185172996,-0.35933660051550714,0.2374745451736452,BCOV,tech
64,1.0,-0.5406088872535565,-0.3380035046275497,-0.4618908881102227,-0.4398956956197679,0.09841743393102337,0.4407526035479666,-0.06565789366509642,-0.3710560880758946,BEAT,tech
65,1.0,0.19292364649918659,0.012203287140031481,-0.02647884405573623,-0.04197005758381735,-0.6500848333442223,-0.028999644834557005,-0.09506319028998006,0.3426951851261383,BEEM,tech
66,1.0,0.07516002969745522,0.24127083647185463,0.06918438270637683,0.06781651704938838,-0.18463942626147428,-0.008160204875459808,-0.003452826743136629,-0.31030319979338616,BFRG,tech
67,1.0,0.5722198805623312,0.6759767590626068,0.6505540386885891,0.6671381879555307,0.1924594111034877,-0.5606589481983234,0.35790072616792945,0.14039556104029374,BHE,tech
68,1.0,0.2833108179873111,-0.016504266325254324,-0.022584742073621204,-0.13397656701356123,-0.8457503302086328,0.04823612441241194,-0.2567673546800202,0.7572747266108792,BIGC,tech
69,1.0,0.2929542353864805,0.057065628843464465,0.09247683988863034,-0.02184075522699854,-0.6525804338259125,0.06911614936089315,-0.052462253162311075,0.5711288426382874,BKKT,tech
70,1.0,0.1441953838427081,0.11540348175952318,0.03647464676426481,0.0439178744521952,-0.4249412284461743,-0.32421508298554097,-0.12937557090161236,0.10915916489432054,BKTI,tech
71,1.0,-0.5368776218632647,-0.7522068535145804,-0.7381605254003172,-0.7034402877896411,-0.614838042304108,0.476501523481911,-0.6886733190260995,-0.08430648563895264,BKYI,tech
72,1.0,0.24659065950653744,-0.012647572714795868,-0.029748827507930384,-0.051967246076930644,-0.8177392539148374,-0.034706488819669576,-0.21662047174552032,0.494138368957923,BL,tech
73,1.0,0.08527681695343291,-0.17569064298722728,-0.15072681016487624,-0.1891656246303409,-0.700141393265649,0.14540836773727436,-0.23905953617256284,0.5556166001513256,BLBX,tech
74,1.0,0.2733550829421816,0.05271185598401333,0.04203732688078149,-0.014327116236887007,-0.6855330361291507,-0.0880927586457369,-0.12287821733181038,0.5888546023326803,BLIN,tech
75,1.0,0.6552795749578413,0.6348646984306118,0.6244823138511384,0.6387950843162434,-0.14903137433896949,-0.6868878320710587,0.16407249684342196,0.26022143257848274,BLKB,tech
76,1.0,0.6365818295557854,0.7152899231988992,0.6799742756574938,0.6387118964801348,-0.11334462230328794,-0.3929431832452895,0.1058332829380348,0.39452526723463577,BLZE,tech
77,1.0,-0.24430301533933094,-0.4001857495072966,-0.37445549699796554,-0.4576376262343034,-0.39647860351232694,0.4862647885468878,0.33957715190391136,0.34421075839643134,BMBL,tech
78,1.0,0.4856956936565138,0.7252277804143599,0.6894140902294974,0.5789619893408215,0.5368670163155164,-0.4865995004545144,0.7875043578455688,0.22287705463549426,BOX,tech
79,1.0,0.6949714944879961,0.7659322519878704,0.7504718125996878,0.786443165860966,0.13723495467077676,-0.705976994059322,0.2966025400584811,0.16869889157303355,BRC,tech
80,1.0,0.7057560685291617,0.5844484766695588,0.6460587923261321,0.612327997811354,-0.20715476530866117,-0.6066304659903697,0.02253285269240376,0.4454569013998342,BRZE,tech
81,1.0,0.7399482164861371,0.5767054030582369,0.5840105110260057,0.5250012719109252,-0.6089368995165789,-0.6866582526916073,-0.5823080062184346,0.4893390266372825,BSY,tech
82,1.0,0.15237664193148134,0.20247336811479127,0.14365235884628905,-0.017427805692600797,-0.1939984408803752,-0.10294787892367205,0.46193171636568303,0.3890266340268051,BW,tech
83,1.0,0.5905295034404856,0.7607008895396803,0.7773725388719032,0.7928035143592809,0.5882198424282081,-0.6025105997207865,0.5241749615404323,-0.0068100057924864975,CACI,tech
84,1.0,0.4379602110495787,0.595063576811565,0.5372156780986771,0.4005856454883677,0.26972261647048945,-0.34517030667386994,0.6353425483340351,0.36852712163100326,CALX,tech
85,1.0,0.7945899384355285,0.6472851982956018,0.7475338012296834,0.7251228052709083,-0.24332548538998638,-0.5538738272999059,-0.22642524307237988,0.2069301154826161,CCCS,tech
86,1.0,-0.29834991303885083,-0.4594356301879555,-0.4996029049617575,-0.5319748865096043,-0.7511242846332381,0.25147430843726704,-0.44924378183611635,0.09303989468001428,CCRD,tech
87,1.0,-0.8548506740521808,-0.7312382546446919,-0.8209067368699916,-0.841202872862698,0.32921684089456105,0.7107683090229405,0.2749953513405041,-0.43014357539484716,CCSI,tech
88,1.0,0.7228890719822295,0.8173173191356535,0.851381659651493,0.8824675125279466,0.5231817648594927,-0.6185786706436003,0.5145760777579795,0.10839632589447942,CDNS,tech
89,1.0,0.30055782355306826,0.08942029369014996,0.11104424131233277,0.018610094224736612,-0.8372504794944711,0.011932830871736574,-0.0936672908317287,0.6355314949621593,CERT,tech
90,1.0,-0.16217963851926925,-0.41662453080450074,-0.43350160254951037,-0.41371190563146565,-0.8475946784420086,0.17188670782732415,-0.5388360299687722,0.15869530849097926,CETX,tech
91,1.0,0.07865653534947666,-0.19630068935718523,-0.19118015019047982,-0.2144011306363707,-0.8139282737860595,0.13255217251682058,-0.258123760219518,0.40636617578697604,CETXP,tech
92,1.0,0.07442728538326962,-0.15498753090874734,-0.1781311087619346,-0.20206270718118408,-0.7911781131041983,0.09028243566170213,-0.19460174086987642,0.3807957077992206,CEVA,tech
93,1.0,0.44390410237319783,0.2899694587452096,0.3995350473295045,0.3344470620560529,-0.2944093067579912,-0.27879050026580504,0.0881882304184974,-0.06292244631370648,CFLT,tech
94,1.0,-0.7082892737633503,-0.5332241478097631,-0.6473241100135664,-0.678757643526717,0.5633174327719576,0.7907827330059859,0.2691546857139328,-0.2095663031550894,CISO,tech
95,1.0,0.6860313993225199,0.8197407343074963,0.8423332289457578,0.8199434314504145,0.48918415109845165,-0.5183445883697136,0.6354725571273186,0.250031119672084,CIX,tech
96,1.0,0.22027089441732914,-0.004323469190823791,-0.03565178669229785,-0.031825873919310195,-0.7655446275465938,-0.10202774151313285,-0.2293750940829985,0.4024894456455738,CLIR,tech
97,1.0,0.6019724576064386,0.7470376309715524,0.7706674251752526,0.8059780633583651,0.5572091426187119,-0.5503865309371889,0.5022908134496097,0.04022305178274908,CLMB,tech
98,1.0,0.19379627415094894,-0.026392624697480868,-0.02954383594945037,0.0745065320420561,-0.6507218247376382,-0.14223639435877108,-0.5365938939757562,0.12463946940554463,CLRO,tech
99,1.0,0.5854172622251175,0.34639499856598394,0.36322353506553884,0.4167362669867967,-0.5764429276115862,-0.27637508818817114,-0.03830342400409857,0.4154312557478343,CLSK,tech
100,1.0,-0.1270601025275832,-0.4037306645265079,-0.3794203131030263,-0.49278144405006047,-0.5771471551835397,0.4048286653711743,0.09378526926532957,0.5387399439120677,CMAX,tech
101,1.0,-0.153205774697655,-0.26975800090671886,-0.3307149120016731,-0.3945797083712324,-0.7287732459764247,0.0748230926309414,-0.29732527491242744,0.234123443201964,CMTL,tech
102,1.0,0.3836005870307951,0.33738239828773475,0.2641946259720195,0.14528106249757333,-0.5472989420750395,-0.2803776896050027,0.251207652588874,0.6560236834164686,CNDT,tech
103,1.0,-0.17002457747136016,-0.32957746046755704,-0.3292899896459703,-0.437762311425807,-0.6106912232669424,0.5591988741116467,0.30079005520244934,0.470562434832449,CNXC,tech
104,1.0,0.6034392852890791,0.6882801180234434,0.7003042122060126,0.7431154225022046,0.3913828810149692,-0.5481717325297832,0.36692122699886554,0.04408395216576173,CNXN,tech
105,1.0,-0.17255568776730795,-0.2961038508475447,-0.3601768022130974,-0.4339662592519013,-0.6734121539496415,0.1550236306239201,-0.2804134868991585,0.2920024262819285,COMM,tech
106,1.0,0.04615537153942861,-0.0816822613823176,-0.032292668905403554,-0.09523306904446553,-0.577528426313368,0.41841203200375954,0.23717690172824538,0.2681344008919533,CPTN,tech
107,1.0,0.8028755625364685,0.7990119727024275,0.815793121918454,0.8074605644529743,-0.0258215573781747,-0.6177015432221851,0.04048786403700142,0.3276834476254931,CRDO,tech
108,1.0,-0.012731102455486589,-0.26024724845311603,-0.2323225132753228,-0.16188132531712285,-0.6109633451066342,0.03875595719910383,-0.5042106966063727,0.06679049823237236,CREX,tech
109,1.0,0.794405924853866,0.5690941717166147,0.6267457109320501,0.6734322047663199,-0.3717675838745249,-0.5036530186824525,0.00974592635397749,0.4744984555152677,CRM,tech
110,1.0,0.17699868980553257,-0.1608069177092244,-0.17750947896255237,-0.1845366739586477,-0.8732168251644551,0.06166428284591448,-0.40001653041770635,0.48816742353688164,CRNC,tech
111,1.0,0.20453890052093782,-0.05004624375092462,-0.059581784443790066,-0.16558545196532468,-0.8762364931033294,0.002886457692461376,-0.22960284797886746,0.6132447774180528,CRSR,tech
112,1.0,0.5668782628477639,0.6209177166061505,0.6185428388963818,0.6525910674032137,0.06940351208734129,-0.49453396609978906,0.34023040902431867,0.12183035111843427,CRUS,tech
113,1.0,0.9031856674359288,0.7879999709203469,0.8324730041818861,0.8403142796949542,-0.03783904835623773,-0.6009667529980564,0.39599628599951975,0.5589941582118683,CRWD,tech
114,1.0,0.15024277612664427,0.4503335763117363,0.3992529407499055,0.2612845279648892,0.607665724629694,-0.2097918412953955,0.8053234594553529,0.04142945214847851,CSGS,tech
115,1.0,0.5134917406684716,0.5583928706113386,0.5966103341209439,0.6929903760827841,0.3444072702014422,-0.4646684181038121,0.16151131305238403,-0.02961470631052884,CSPI,tech
116,1.0,0.39439333302555196,0.12127321280319378,0.12105524374082018,0.1277942607103416,-0.8365328594749923,-0.2662246026892198,-0.25636855191211944,0.45565320139729854,CTLP,tech
117,1.0,0.5663763714385045,0.7905399682920929,0.7648774892295458,0.7329412144630216,0.5887489771615051,-0.5778241463860411,0.6710835610148721,0.054044566305427734,CTS,tech
118,1.0,0.7257053452614196,0.6202935150017258,0.638187848998401,0.5872196827953621,-0.31678603548183537,-0.41620140012345885,0.4454634448198618,0.4795612871592487,CTSH,tech
119,1.0,-0.49069391464357365,-0.659349473660683,-0.6704833639605962,-0.6272552941461635,-0.6146380117033099,0.25572316970968184,-0.7045220013557155,-0.2022315506715544,CUEN,tech
120,1.0,0.8629773792754624,0.8962571754827238,0.9142589323691515,0.9246525287523379,0.19920734180349653,-0.6341675697245535,0.509580014931352,0.4080647254380358,CVLT,tech
121,1.0,0.0623252239916789,0.2840286400845576,0.21916141601135603,0.18173336723700836,0.33632906304154436,-0.314607440447529,0.28208600394436195,-0.21128358279382203,CVV,tech
122,1.0,-0.756590458447095,-0.7977706359751299,-0.7793429208096594,-0.7672144673380784,0.18194530000223363,0.6024741205393132,0.20171527853847634,-0.5148534414861227,CYN,tech
123,1.0,0.34265002539933964,0.24461231225968358,0.18621368596717527,0.10944468994010212,-0.6327720733053509,-0.27558099882737885,0.045301830469333546,0.5525095336099869,DAIO,tech
124,1.0,-0.6125877994924266,-0.6803848055223297,-0.6323750117399118,-0.6389560352690764,0.17679060955803982,0.7296416100366703,0.7124116006273977,0.15206678975498403,DATS,tech
125,1.0,-0.4202028752101327,-0.5269485524596336,-0.44553131927941764,-0.4670813366615198,0.38910493061968876,0.7261774479497979,0.7375944174582842,0.3444753898055221,DATSW,tech
126,1.0,0.1725015674661589,0.0718018845969478,0.13170949443777813,0.040977504597122,-0.6266503793192605,0.33694748882252684,0.4477429080051397,0.325222069277454,DAVE,tech
127,1.0,0.6818049732754783,0.6173481854303726,0.6066077351161259,0.5493286729724769,-0.14629369087041075,-0.5408971782628246,0.2757426356944684,0.562524644946891,DBX,tech
128,1.0,0.293790038200948,0.13286735751876175,0.0993131293160673,0.03646649463095475,-0.6300387442983646,-0.08263118700858203,0.03622256471534869,0.5443407088053769,DDD,tech
129,1.0,0.6991541297218943,0.47941124635182186,0.5740926846124538,0.5169558367839259,-0.2023495216582913,-0.1850451673428955,0.23763259108506604,0.49452423259939177,DDOG,tech
130,1.0,-0.7804262972573835,-0.7062403369494977,-0.7490943205269973,-0.7629135164426121,0.40787513985224727,0.8055751492850612,0.48396699167235163,0.02094738287448841,DFLI,tech
131,1.0,0.28595921673826713,0.5635679257246756,0.5052714060760485,0.4305756877747754,0.6407606818259396,-0.43939554346617,0.5886998931996188,-0.08553745567871814,DGII,tech
132,1.0,-0.22593416657227847,-0.4968965792661159,-0.48492242979869143,-0.4516989335172755,-0.7501048225209123,0.28558221281265533,-0.5175731628728203,0.093517202750623,DGLY,tech
133,1.0,-0.571173548956885,-0.633198925234249,-0.5977905930207218,-0.6196323365387016,0.3530415164993165,0.6837700003331973,0.6191730208048282,0.04067410726793902,DH,tech
134,1.0,0.02846582559568007,0.22189242853480978,0.17895973225874803,0.0071204681592644,0.2984191642685789,0.03973904266894518,0.6807560914401714,0.2706612226324795,DHX,tech
135,1.0,0.6173315950321406,0.6822534924972955,0.6485307614717967,0.55311844976237,-0.0014279456043386055,-0.4884443755815331,0.5679409297486786,0.43208393190571925,DIOD,tech
136,1.0,0.8239648543935209,0.6951143582925656,0.7214187294692483,0.7550012748019672,-0.2659364507211069,-0.5649203732766688,0.19713104919232818,0.42088591495357375,DJCO,tech
137,1.0,0.7588658690164551,0.6915566331511975,0.6558033740071486,0.6197309951006529,-0.35337812596961643,-0.6375279060147354,0.29857942849837343,0.5178848320249082,DLB,tech
138,1.0,0.5761609755601836,0.423571113741949,0.41641322176344703,0.42924484321626794,-0.47169025435820794,-0.4581164238924598,0.007962129554026203,0.2724962107849545,DMRC,tech
139,1.0,0.07893233354159114,-0.1662635554536994,-0.20326595754954735,-0.2859095825498211,-0.8062039304570819,0.2543619797299439,-0.12242173422439345,0.5581868487260738,DNB,tech
140,1.0,0.2775009274820634,0.08110788286886919,0.17864430676135534,0.10763487530989216,-0.6195129461223708,0.20700230616379697,0.2099457242703392,0.38245750802921813,DOCN,tech
141,1.0,0.15436149472966132,-0.15797103213111416,-0.1508773505416788,-0.15888784011355664,-0.8774656242188705,0.048982021637050566,-0.3865478635817057,0.5015503338722476,DOCU,tech
142,1.0,0.2722068114989994,0.036456269266852304,0.02575866985255472,-0.05067468946457429,-0.7676646789062868,-0.029602980288528213,-0.05129900354618573,0.6636289925410515,DOMO,tech
143,1.0,0.8607677399958569,0.7397700738726949,0.8069497157856079,0.7540848963696095,-0.5055016327371694,-0.3158502003276564,-0.03863752307173968,0.533402583540457,DSP,tech
144,1.0,0.7257202879404206,0.5412443166433047,0.5541984472512942,0.49538780750588757,-0.38537372782776774,-0.5563981517740848,0.1143741605475234,0.6768696440477593,DT,tech
145,1.0,0.7507277815107085,0.7672225503708994,0.8072249404748392,0.7634257551480088,0.20888362488804607,-0.4553358777564263,0.5776664459854745,0.5462971463508106,DTST,tech
146,1.0,0.8775319474397829,0.7953260882136206,0.8486703315630152,0.8608905395543706,-0.2742811505516757,-0.7876707284682927,-0.434340696665351,0.18572605972490527,DUOL,tech
147,1.0,0.1792992920772947,0.02584380589786955,0.007482812753552211,-0.028324316846314812,-0.5788105620527523,-0.08909899633348727,-0.10588843389949387,0.35102251048529987,DUOT,tech
148,1.0,0.13128288767347382,-0.02090909630107303,-0.07015535759397415,-0.127554968060027,-0.7682387663248244,-0.11002566266578316,-0.10996324469408172,0.4038179655055811,EB,tech
149,1.0,0.24407891532342985,0.17709582654346492,0.11698634764536738,0.08258451193284548,-0.6623230324707358,-0.275487239369265,-0.005887590308141547,0.2990582986799966,EEFT,tech
150,1.0,-0.08318929760772888,-0.28149910241157766,-0.28922596345784995,-0.3293210431835504,-0.6746088219147613,0.18588037930191934,-0.24822501409770123,0.23895903106482072,EGAN,tech
151,1.0,-0.013197963927883206,-0.2784593691430016,-0.29670661007891397,-0.28564154479156073,-0.8890573060772725,0.1402572100988762,-0.4473125392485101,0.300685376538792,EGHT,tech
152,1.0,-0.5418255785251728,-0.7406140595058197,-0.7158131312228333,-0.7133777908799905,-0.5402502687637245,0.5437575556961733,-0.5202307976433511,-0.1041917747962352,EGIO,tech
153,1.0,0.16106823319098795,-0.051952610692891886,-0.0714583821952538,-0.14139065588528946,-0.7733949734133901,0.05129924350417643,-0.1162586345912928,0.5774223502434869,EMKR,tech
154,1.0,0.20195375863800152,0.37045271277047775,0.30451341012693484,0.17236594084991289,0.3068674128395891,-0.16415439606302354,0.5757442022592676,0.21617378243908486,ENPH,tech
155,1.0,0.9311297130232928,0.8298892922245805,0.8792534310032064,0.8540872050676852,-0.08107709957895645,-0.5084878877455057,0.5612867925338089,0.6249047425907865,ENTG,tech
156,1.0,0.025263438968118543,-0.18541281602508874,-0.18911676447705264,-0.20488817501921738,-0.810834203112722,0.05826236375933138,-0.3211889064691823,0.2408488594139164,ENV,tech
157,1.0,0.32877919911939874,0.042999695239600205,0.07545968306359595,-0.03976385163229262,-0.8027281532794135,-0.03277939899381817,-0.271847522877351,0.7292949347803104,EOSE,tech
158,1.0,0.3330309753992159,0.05059221356854505,0.09337377891633009,-0.018869554748307045,-0.8011974120736706,-0.011986805628327657,-0.2567147316587958,0.7285583906594366,EOSEW,tech
159,1.0,0.4092054201518952,0.29381385135789956,0.26681046629365684,0.14870763985881735,-0.448779937211253,-0.16675448385206146,0.15404326537305466,0.6886369600426056,EPAM,tech
160,1.0,0.4031686619923021,0.5909198979258456,0.5411233566980002,0.4079895248939089,0.3525040289795243,-0.4277339668088232,0.6982366776114597,0.2521934046333332,ERII,tech
161,1.0,0.16098480887107716,0.12567372761005835,0.1567421432273648,0.31681101968675024,0.05066314245474942,-0.22888211542251063,-0.3093227255486991,-0.32038034796665144,ESP,tech
162,1.0,0.5887064751620648,0.28883096196745234,0.3184088709258413,0.3278309823130242,-0.6510153934956677,-0.26981208242100263,-0.11940211219809202,0.6144512964906252,ESTC,tech
163,1.0,-0.1398444804458209,-0.45310263754811086,-0.4382264688326755,-0.4029832728773756,-0.8481985338096809,0.2536801099825241,-0.644534472217909,0.26688211151829155,EVBG,tech
164,1.0,0.15797410922993596,-0.04155549388096269,0.08270526536897857,0.028992268095279834,-0.31757631207871784,-0.07374594562639798,0.10722077886177729,-0.01521206953740022,EVCM,tech
165,1.0,-0.33604915007658903,-0.5785385405243751,-0.5664106530307904,-0.4627238034434413,-0.6731606191003603,0.2796174029680883,-0.7629475169422665,-0.16393197830269196,EVER,tech
166,1.0,0.4258476114744398,0.23169363167938367,0.21568377880359302,0.16150488814530786,-0.6558598326650922,-0.43795053102933545,-0.49879011333235157,0.4120645863521807,EVLV,tech
167,1.0,-0.7046883062855395,-0.7305282024863797,-0.7147057253157187,-0.7425914910711788,0.47355789757078287,0.7419874522468272,0.39200407064551246,-0.3698901309576115,EXFY,tech
168,1.0,0.4285833325104649,0.7150443291944011,0.672037167822315,0.5711479916909812,0.6990936695232651,-0.4542761289263705,0.7827922288921831,0.12258422125179885,EXLS,tech
169,1.0,-0.596334659154897,-0.6540154256904068,-0.6066110761746549,-0.6423275110552429,0.6049171791798932,0.74950659192925,0.5884940622425232,-0.0717250601511082,EZFL,tech
170,1.0,0.7696059054805418,0.6323207828085338,0.64899328334677,0.5946991219625014,-0.3481528253377239,-0.3859154019658045,0.3925504245070438,0.6380817449212622,FFIV,tech
171,1.0,0.5937800889415548,0.6796258056316768,0.7045077711198341,0.7887056448350532,0.42939099768747985,-0.5833871203190922,0.25791364262237404,-0.06950789056479895,FICO,tech
172,1.0,0.20070440310060358,-0.07579970251804916,-0.08272858399582447,-0.11799455415219666,-0.8466347259249147,0.018369447678296926,-0.22796314197984996,0.51367306067961,FIVN,tech
173,1.0,-0.04448809990074406,-0.12342675747989282,-0.09396504770985409,-0.12184306953708064,-0.359748933964775,-0.18965638952138708,-0.16636984396356633,-0.3713735423076452,FLYW,tech
174,1.0,0.1395000441133709,-0.0600121679213243,0.015300182707701634,-0.058046886324649195,-0.618679229312233,0.3889888844744902,0.20951155872794786,0.3854612665381781,FORA,tech
175,1.0,0.8096815116137835,0.6407699816805456,0.7003050563638363,0.7568747865071342,-0.2199615833278186,-0.44879297480303904,0.33906298316471,0.4225989970315261,FORM,tech
176,1.0,0.4903783098040561,0.3836335096589985,0.28398030514895223,0.2977100212027971,-0.6981337865344254,-0.5386792724539305,-0.6898097074029573,0.3805006342350536,FOUR,tech
177,1.0,0.2356036846487422,0.0014164988461529452,-0.01728794460424763,-0.04253964240618773,-0.783330730789384,0.0011846669809305777,-0.14246164467107755,0.4620782355474071,FRGT,tech
178,1.0,0.7736468131940353,0.6906145111706912,0.6693802945284791,0.6112048377655686,-0.5164337594678788,-0.5521048642851417,-0.4384288596736695,0.43108063038185085,FROG,tech
179,1.0,0.5103394331133824,0.5147444512897058,0.4812257709706712,0.44615894382869425,-0.3795762508595008,-0.6255885518957808,-0.28553058628296146,0.044691607919363247,FRSH,tech
180,1.0,0.46043672673761993,0.6242726455735573,0.6197806016050142,0.6435319726868296,0.5353227742662218,-0.549552410000155,0.36976873216952716,-0.10277423832704446,FSLR,tech
181,1.0,0.6461441272763729,0.7643632447334222,0.782542901035591,0.8375550062116288,0.5005586210825949,-0.6072833728809764,0.3691712214354511,0.008548421634570025,FSS,tech
182,1.0,-0.5141419372887757,-0.6206455046563923,-0.5615706560123312,-0.6087060148554205,-0.26644691043951774,0.6332077159527655,0.5817517918879669,0.06565358574970998,FTCI,tech
183,1.0,0.6784497198907219,0.8172527488772366,0.8294750116378792,0.7482798223727852,0.44683723021302346,-0.5216167998268136,0.7781603355998686,0.36651987473744946,FTNT,tech
184,1.0,-0.14513325627507662,-0.19390581058423817,-0.16131203812942568,-0.114205449493356,-0.5704381738949315,-0.251998861607043,-0.5332736560392466,-0.5069585870814428,GBTG,tech
185,1.0,0.6464723380651932,0.6325385760184915,0.6721831662680496,0.7552568711699231,0.1808750700306914,-0.4993239839284359,0.19263837658130517,0.07678782627924992,GDDY,tech
186,1.0,0.43858190831507887,0.14145960410110653,0.17676957761109435,0.05031234591693166,-0.8699198132850028,0.022701640217591225,-0.19006054027366792,0.7780325693828379,GDRX,tech
187,1.0,0.459034140954448,0.38402828747449613,0.39074160443951045,0.27963123728309563,-0.18977842445525497,-0.16026050982879037,0.35306228796967465,0.6279200348977046,GDYN,tech
188,1.0,0.897555552717752,0.8128996438289042,0.8805550619127851,0.849697983702647,0.4585471940685296,-0.6078689281636311,0.40333463317032414,0.4278520006313564,GEGGL,tech
189,1.0,0.7681361946891127,0.838816359561739,0.8058978128071477,0.773871461525891,-0.2865677392358618,-0.3063599294845168,-0.15286383201745216,0.18540865180752653,GEHC,tech
190,1.0,0.5615799786148575,0.5238191054032736,0.5378268213476771,0.4422428768176489,-0.12148501992347267,-0.18595245227196458,0.48905700928852514,0.6063329488772236,GEN,tech
191,1.0,-0.41439095321980374,-0.31061196236943467,-0.405097653871027,-0.3821118112215709,-0.3229916507336491,0.07928054279190247,-0.277267360118192,-0.5382325149048092,GFS,tech
192,1.0,0.8745393876426589,0.8266807126551132,0.8389913188202743,0.8217173704282548,0.003500261616615,-0.5540412577118015,0.5420530319256379,0.5401653002978436,GIC,tech
193,1.0,0.6997766948134561,0.6983825814750219,0.6540425840875623,0.5745336284809406,-0.26566479081155575,-0.5138241812589632,0.5056370138006311,0.5434859864705196,GLW,tech
194,1.0,0.4578169518276158,0.2691438488228067,0.2641188305069812,0.19754372376481688,-0.6282639271593631,-0.1486711935569815,0.1299603716113815,0.6694614753999971,GMGI,tech
195,1.0,0.926455511845717,0.9073755326640522,0.9575002266260964,0.9227418104955515,0.18338742829954585,-0.6055703770786125,0.6404952885268069,0.5347847216283913,GOOG,tech
196,1.0,0.9251598379942477,0.9061297453182718,0.9573561045500094,0.9228019450242224,0.18705659770470934,-0.603009033533364,0.6433628009704007,0.5316087094883811,GOOGL,tech
197,1.0,-0.07244150477600565,-0.27719858495874705,-0.3042572404322378,-0.31000309059180653,-0.7762242536019628,0.12251034856637584,-0.4217314318071763,0.29877826577017025,GROM,tech
198,1.0,-0.2323344819956115,-0.5143744788233661,-0.48100901841446364,-0.4070431019702369,-0.7221641848797509,0.2271245595841594,-0.6470140988918976,-0.05228331917703391,GSIT,tech
199,1.0,0.46379553148683056,0.43783167524715283,0.4478554973365882,0.39704222834977027,0.09802808678654373,-0.20222168999247492,0.19355194554884866,0.28092954942459547,GTLB,tech
200,1.0,0.6217234464654228,0.6960781995827646,0.6843177404187976,0.5562159776336327,0.2694084762552013,-0.436427505906003,0.7938986890965958,0.552805767515406,GTLS,tech
201,1.0,-0.14984074523010305,-0.28475522743316434,-0.3133484846558477,-0.3836711975228964,-0.6315414789721765,0.26315409392362105,-0.06672608665125218,0.3067665688493946,GVP,tech
202,1.0,0.44676437524374635,0.13893493922379796,0.1978583882519735,0.28414047775881035,-0.6586333514046185,-0.2581653863984113,-0.3509104951403847,0.3092227405288456,GWRE,tech
203,1.0,0.48298049124917436,0.2965580232089553,0.38645938725100576,0.3252891490503259,-0.775623602854817,0.07088429598243524,0.1576605648701681,0.485924202719086,HAYW,tech
204,1.0,0.6093973493111745,0.8240418111307538,0.8147063492917853,0.7415622627424684,0.6109501181775192,-0.5602215348586951,0.7772375515740236,0.19987864708600397,HCKT,tech
205,1.0,-0.12282163420047904,-0.14841028983994406,-0.09576010905857077,-0.07171218942975208,0.11834833765822667,0.2545087794457484,-0.0020919848934790194,-0.3157736419700388,HCP,tech
206,1.0,-0.3844893976054848,-0.5592530071741779,-0.46558708821911143,-0.4838560402160107,0.22020572610956432,0.38362886952761,0.5793997032052269,0.03474809207291508,HCTI,tech
207,1.0,0.3423014222939006,0.6043358908437672,0.5589130761687437,0.5070525381142202,0.6018440392502383,-0.45792503354267217,0.5357591373295674,-0.05841105744220559,HLIT,tech
208,1.0,-0.7814216902978228,-0.7346490519106559,-0.7661756719163518,-0.7827298523979791,0.5466835110696504,0.8647544438133167,0.5533842743866699,-0.10342400863264646,HLTH,tech
209,1.0,-0.484826091554965,-0.5300257477173387,-0.494023121608926,-0.5151845937475008,0.05146886990724394,0.5665705062846149,0.6842477671233872,0.08543413327343743,HOLO,tech
210,1.0,0.8068728147923099,0.7767106712468143,0.8402493527256493,0.8380610510573715,-0.040128223771479954,-0.47249383819323443,-0.16941795832031856,0.15073566438162406,HOOD,tech
211,1.0,0.680749138378878,0.819384997676799,0.8089623753731874,0.7222174924023591,0.2784987824496424,-0.47658860139641324,0.850439479432054,0.3858707811708801,HPQ,tech
212,1.0,0.6419866312067539,0.7823827788013928,0.8013593852471568,0.8337504363657499,0.5727004196479223,-0.6023811754578633,0.4768981513970091,0.01593942901556926,HUBB,tech
213,1.0,0.932166198610649,0.8217483352128596,0.8558427608175637,0.8298837488444649,-0.15440709725726548,-0.5961284680037309,0.40397523173111904,0.6464052959917166,HUBS,tech
214,1.0,0.6177150416067612,0.7908560162618762,0.7875792982895168,0.8040918364580428,0.5306642013086896,-0.5959682316651217,0.5047294473616013,0.09001360252584763,IBM,tech
215,1.0,0.6564182840906442,0.5629348554093586,0.531467402202481,0.5021590292889444,-0.47463490095489186,-0.48246366075326075,0.18358559912235142,0.505727490037571,ICHR,tech
216,1.0,0.06415894350298627,-0.13243576511456678,-0.06114173413283972,-0.14697096164256981,-0.6431055364594153,0.5057201467448456,0.32256455362791675,0.43670679646720334,IDAI,tech
217,1.0,-0.0557258656716069,-0.3283065449559997,-0.3400547423822944,-0.306053348002098,-0.847981958078185,0.06857223214404155,-0.5548586503167269,0.1762365669000281,IDN,tech
218,1.0,0.5011757656380429,0.5961109218568249,0.57545066094721,0.4196025441630755,0.13642852512396147,-0.2840554379561532,0.7464121894843179,0.5781053679462029,III,tech
219,1.0,-0.14414485326855397,-0.20011786359044967,-0.28292548484429864,-0.3241324072190877,-0.6384501015580579,-0.08833362352470059,-0.21893764558464537,0.06843830418916075,IIIV,tech
220,1.0,0.24338442095766383,0.11428526095633203,0.08807382091507372,0.1868073614438599,-0.42463486429167274,-0.32536589092341917,-0.299601367846197,-0.046947147767022815,IMMR,tech
221,1.0,0.32983142264039667,0.5736560635985324,0.534458677835172,0.45753160531710785,0.6109675530304087,-0.43706862037359884,0.6489063142584105,0.031168032235927845,IMXI,tech
222,1.0,0.02833698150336694,-0.30294323814974927,-0.2882507378825405,-0.2418801386900792,-0.7123402112229551,0.1131373733964969,-0.5567862150770709,0.23023085825568607,INDI,tech
223,1.0,0.7784130638672049,0.7555204410194519,0.791026766578811,0.7949725372126579,0.11694628633401793,-0.6024168113424726,0.4802160645179554,0.36510607526146355,INOD,tech
224,1.0,0.4985348890775485,0.691474668749153,0.6403863742294713,0.5172293615129925,0.26293555065747487,-0.46176153691381083,0.7268848680772249,0.31030450725087666,INSE,tech
225,1.0,0.48988977183234417,0.5195371250486955,0.4818326846822305,0.5371728198755117,-0.46924640459674016,-0.7558157743730904,-0.693210958103099,-0.29518819078276837,INTA,tech
226,1.0,-0.004196416909862773,-0.25562347242807104,-0.2444392228323617,-0.20338476110281922,-0.7587992565134636,0.09746784304692759,-0.4596938455162485,0.2330526317560264,INTC,tech
227,1.0,0.5196787673657546,0.6387672794040139,0.6098923247372491,0.5590372065037309,0.18447071370294124,-0.5808197958908193,0.43557887493177133,0.17349005032254783,INTT,tech
228,1.0,0.9148533457448769,0.908969236831736,0.9473854864894387,0.9202977516547434,0.200857968007798,-0.6132458965604941,0.5491158036438778,0.476100675609616,INTU,tech
229,1.0,-0.11088125088943503,-0.31230483545202015,-0.351046657118367,-0.313069448559453,-0.7014224547543105,0.12020527026731523,-0.4070002349444376,0.049525665138680716,INTZ,tech
230,1.0,0.45991280757712316,0.39050395497318013,0.38656811669858865,0.24785793480132462,-0.2628684316626093,-0.1387884248210601,0.4609237379832129,0.6630087657365239,INVE,tech
231,1.0,0.03178717809737121,-0.03432913711488396,-0.0865452692193057,-0.06161958798116715,-0.3995908720517444,-0.12496228877750927,-0.17734840742193225,-0.010578072030239943,IPDN,tech
232,1.0,0.04498102541973331,-0.23325523919315513,-0.2506653802221667,-0.22201176694132835,-0.9158403834003755,0.023278730193647568,-0.486030755455692,0.22223989461965818,IPGP,tech
233,1.0,0.2893796117360803,0.3452694585401875,0.27627795057903093,0.11370617788544835,-0.21655548684052717,-0.155456199871228,0.49699332892465753,0.49191218088263094,ISDR,tech
234,1.0,0.0912893770740551,-0.14658814166289263,-0.16861161674431932,-0.17346534801646635,-0.7623478879306946,0.08796708639090797,-0.24200934413170297,0.3587037846544666,ISUN,tech
235,1.0,-0.33328461170024243,-0.2892977036140501,-0.40324725833590036,-0.4358716079435853,-0.5052408346279775,0.0539783163281006,-0.27097950321793796,-0.09851571139649413,IVAC,tech
236,1.0,0.2366258441165626,0.07730578178239521,0.11082226510584044,0.07108536545306525,-0.47354867682196206,0.100636816658863,0.01363129619490021,0.34464711727176933,IVDA,tech
237,1.0,0.1902919245259233,-0.08216282971997807,-0.06801970087570877,-0.2025389187227767,-0.7456804534993502,0.257759553118216,0.03634893843282382,0.6925081572282938,JAMF,tech
238,1.0,0.6415417882908868,0.7751354967819323,0.792125893413552,0.8191833278264836,0.5342504071115204,-0.6187902123283037,0.4855706794254237,0.052566844308646374,JBL,tech
239,1.0,0.0025690246100591465,0.14621810610741623,0.14316782398158254,0.034401439399398104,0.43731700440887095,-0.0006265614696841289,0.4448241766479491,0.08198785833039599,JKHY,tech
240,1.0,0.6576466153321053,0.8399448787256018,0.8414118241066717,0.8014491576176529,0.4826889980861921,-0.5117532964524013,0.7020543804578774,0.19026427568778811,JNPR,tech
241,1.0,0.8318292014825712,0.9303247982488277,0.9446494489451587,0.9338742869347927,0.3999876819689571,-0.6429042158589212,0.6383989379311196,0.33095218303813584,KAI,tech
242,1.0,0.13373723618450453,-0.11962656538370112,-0.15034868786303612,-0.24929950282169866,-0.8257938122857771,0.12747313469092686,-0.2504635465693144,0.6351964370403538,KBNT,tech
243,1.0,0.6105466470345239,0.7374259919058097,0.6909786187514603,0.6249949731242234,0.22806867616099127,-0.6497083527563092,0.5598439626965176,0.3115420305781205,KE,tech
244,1.0,0.7694957436059148,0.8566293361948217,0.8917193929636702,0.9337183549273078,0.4652433070675909,-0.6087272285968898,0.51934803598514,0.14211393736538885,KLAC,tech
245,1.0,-0.6066973189874443,-0.6434551500144597,-0.6537942017225749,-0.6626985062713703,0.1573447235358364,0.3109273288991694,0.06410425205804658,-0.37838292680821867,KLTR,tech
246,1.0,0.42693267241212635,0.25258253785969853,0.21795827785482422,0.18957185750349115,-0.6288409236369845,-0.20815626052289707,0.0066018529051952365,0.5501947769976011,KOPN,tech
247,1.0,-0.010740723863065743,-0.4107753762703118,-0.4156376084878388,-0.31510154706262516,-0.8398809003572424,0.188374978212032,-0.6355941107505749,0.20344034475745323,KPLT,tech
248,1.0,-0.6887335370581799,-0.5461827461646164,-0.6456868991892213,-0.6873897473829962,0.4683474727778025,0.7288937627010176,0.347707326108997,-0.36649994406576264,KSCP,tech
249,1.0,0.24047669285137743,-0.019526198841976393,-0.0405159537721109,-0.03800910108924453,-0.7967141298308901,-0.0009192844835576889,-0.22676393692961153,0.4353302963398332,KSPN,tech
250,1.0,0.06663259719389784,-0.11282744016891741,-0.15060028170126064,-0.15928158899741876,-0.7590254269686676,-0.10187006289329044,-0.2865702049539001,0.18631290388187782,KTCC,tech
251,1.0,-0.241506403693614,-0.27346087963619914,-0.3685644517180788,-0.43621929361270717,-0.5773098931293668,0.13199684683790558,-0.22390392802093698,0.11105084458879488,KVHI,tech
252,1.0,0.1716471374845392,-0.1224270527641056,-0.13088146401734824,-0.11395173906129641,-0.8995087094093001,-0.04767508784464866,-0.4022859928671799,0.3466305259291365,LASR,tech
253,1.0,-0.24500514403944038,-0.3406726377235647,-0.2682695605523565,-0.3330473316747161,-0.022856375591609242,0.5603263044212384,0.7837049163227873,0.4370418390253105,LAW,tech
254,1.0,0.49031295135037084,0.5594382042317038,0.5728198652816955,0.6262870930057705,0.27159374888113147,-0.4026876269249772,0.27389718035592575,0.07451502113454318,LDOS,tech
255,1.0,0.7625159025271051,0.7925351922527192,0.7696680767168088,0.6986865262671444,-0.03319265797464709,-0.6111816589464676,0.627134417740609,0.4845881049651852,LFUS,tech
256,1.0,-0.09241700667642393,-0.2504824312693988,-0.24462837989064906,-0.3115277945855736,-0.48342358283828296,0.21373301857467894,-0.04332617254539016,0.34067000097162564,LGL,tech
257,1.0,0.20979642629868167,-0.04276875077443443,0.008002896288741736,-0.12869335842757945,-0.7786255613450941,0.3537588880641291,0.16031315868898988,0.6698749161368734,LIFW,tech
258,,,,,,,,,,LIFWW,tech
259,1.0,0.6572412942307233,0.6903563005134877,0.6438063664974973,0.6019498588253451,-0.05603405922132218,-0.48548198548782884,0.47329645940235904,0.3989686793553383,LINK,tech
260,1.0,-0.13439326562128898,-0.33542506323434046,-0.3261080478501768,-0.3795967444387495,-0.6247383073295675,0.31669825442819693,-0.14555625184380586,0.25506488476403616,LITE,tech
261,1.0,0.725312177133752,0.5207437565553484,0.5233445268820933,0.550134440768589,-0.558405134467395,-0.4483851021105025,0.020661918253433335,0.5615193419531674,LOGI,tech
262,1.0,-0.04770310630454607,-0.3206303791780128,-0.3364197307783812,-0.35155997518479964,-0.8973946666123918,0.13255316205597634,-0.4533373721528087,0.3590049930401203,LPSN,tech
263,1.0,0.08161129430785354,-0.21875837686868976,-0.19686097368622155,-0.1398265925678138,-0.7571490457150377,0.07336507529607209,-0.3826444336391442,0.13632061118127053,LPTH,tech
264,1.0,0.9082862244705532,0.8991772053215759,0.9363140432950163,0.9813494712642334,0.16763578195118,-0.6570823288438074,0.44373963668789,0.3222629707903875,LRCX,tech
265,1.0,0.6205506836034406,0.7649232013858887,0.7535567279696801,0.711096023020533,0.38355772018875794,-0.583708457805392,0.5992557030356412,0.18955518930436985,LSCC,tech
266,1.0,0.3082105672422945,0.05141802056868818,0.1074480806657991,-0.0019278662125872914,-0.8047230734162036,0.17093335168513082,0.01926833589496482,0.7267306965421357,LTCH,tech
267,1.0,-0.07635139584331944,-0.21784871277933482,-0.27376595875985443,-0.2820659530986532,-0.7374770397553354,-0.0166585265743193,-0.37400794187282843,0.1676468671844689,LTRPA,tech
268,1.0,-0.16708194952393207,-0.3089789751059759,-0.32132191228024537,-0.3429398625840483,-0.36320420312126356,0.03787092469771298,-0.35071277671777157,9.646029618030708e-05,LTRPB,tech
269,1.0,0.11545377872262975,-0.11974476311679809,-0.13808652726660753,-0.1592610847580002,-0.8496738890729205,0.03566450707825367,-0.29474516456213734,0.41953054500422593,LYFT,tech
270,1.0,0.3692577988878983,0.23122980865442447,0.3250873032863427,0.26412564969975527,-0.4451385381917053,-0.11577759943720949,0.39685469079280977,0.353501497318261,LZ,tech
271,1.0,0.8193059539880043,0.8651450431567566,0.8997005820852333,0.9097380526079197,0.3770329274147379,-0.6886974145201075,0.5094719724692686,0.2702279936033033,MANH,tech
272,1.0,0.0461297010301119,-0.31927872359183856,-0.324516887665931,-0.29250346576890246,-0.8573916633726044,0.20045313239784435,-0.4506694712437747,0.4365697726935292,MAPS,tech
273,1.0,0.8496294173580556,0.9287741219528606,0.9219045885392685,0.9160468477229962,0.22259985220271125,-0.7423337804792257,0.5624439629056726,0.29227468445163224,MCHP,tech
274,1.0,0.827477147861701,0.661783598665392,0.7178759378691235,0.6836500734908707,-0.19282264742826627,-0.47474318890080336,0.3873258951650955,0.5630352874416887,MDB,tech
275,1.0,0.23953108463340053,0.34143493767302185,0.2756350747435103,0.11416431812896247,-0.07785400224339527,-0.12391292800238995,0.6116672282309261,0.3657334450916354,MDRX,tech
276,1.0,-0.2600245338036407,-0.5821122398486762,-0.5473699652640548,-0.48673628955028325,-0.771252065415738,0.4096603832847736,-0.6803343964388168,0.12713375972918878,MEDS,tech
277,1.0,-0.11718154502103775,-0.020333572084705803,-0.12302754425648443,-0.2791704341866157,-0.2877463280700148,0.038965668765690825,0.23925045558358077,0.26878890885939327,MEI,tech
278,1.0,0.8068551674756269,0.6159602200969432,0.6915669108369307,0.7791015904735945,-0.20338395669636156,-0.5324759948456141,0.01794491972639221,0.3678211747685374,META,tech
279,1.0,0.5228335137386905,0.49770598847128344,0.45166319958169654,0.4202905567733972,-0.3663267192121975,-0.5307084262449694,0.1576442341370628,0.4399733449191209,MG,tech
280,1.0,-0.8657026537022385,-0.8018949437830589,-0.8627766758508232,-0.850218351879591,-0.5395774301730636,0.3644969284187691,-0.2348853098709025,-0.5272863836928038,MGAM,tech
281,1.0,0.8443685345999802,0.7238487260259929,0.7343266379314787,0.6768393980800748,-0.5686592030420708,-0.49580360157771874,-0.44607738922669055,0.47101315089668916,MIR,tech
282,1.0,0.6391153216933206,0.4173057596278472,0.42207055276382976,0.36730983614977114,-0.6375600728302898,-0.2972885798744463,0.07284063823739066,0.7033847915681575,MITK,tech
283,1.0,0.2569419928107483,-0.03591212027725445,-0.007623098086536999,-0.14067246638628414,-0.8060791793955254,0.14760805179714015,-0.09380611496013798,0.7250617503156094,MKFG,tech
284,1.0,0.31688763542468174,0.037603038218755,0.041831395680363564,-0.07543128664922874,-0.8415036164258749,0.04740440530669948,-0.18642345955818615,0.7193557834231787,MKTW,tech
285,1.0,0.40683006268904426,0.17079760614241013,0.14446007086030518,0.04453472154810123,-0.8168200109146637,-0.09965651377409082,-0.34330400012776213,0.7600820251516386,ML,tech
286,1.0,-0.4674195679237601,-0.5968918077243235,-0.5266737303107571,-0.6032992164897708,0.011119631857698063,0.7853536351427699,0.6807319054350025,0.3500428036273435,MLGO,tech
287,1.0,0.22098347072597624,0.08744568751446298,0.04709018887176841,-0.019945646473619197,-0.5911479119910567,-0.04722600541524746,0.01831202767884894,0.5934433113926408,MMAT,tech
288,1.0,0.5777469666542062,0.5418879088359804,0.5181772574913329,0.4596162684445262,-0.2628258913555752,-0.3105557030330609,0.43126753806479956,0.6159428843560518,MNTX,tech
289,1.0,-0.10420213221861953,-0.11724168948930828,-0.20815129793886827,-0.23492709954861712,-0.4063904246822472,-0.17400830477469542,-0.3156832205897376,-0.03678816287792136,MODN,tech
290,1.0,0.8436464756156532,0.8841630467005226,0.9284977796531123,0.9461320174918042,0.37740996308379154,-0.6100784012619412,0.5764593537031051,0.3029610379719817,MPWR,tech
291,1.0,-0.18846550083660693,-0.2675762428582858,-0.21224118821771992,-0.3009380246704112,-0.11624842339955756,0.5669774330873832,0.8196243687192297,0.5210539745180032,MQ,tech
292,1.0,0.5717179375467709,0.5622368980399398,0.6063235068739721,0.577406106476152,0.17814067528159552,-0.46066126653961686,0.437325050536959,0.12590577876215037,MRAM,tech
293,1.0,0.23459907100812094,0.08761630792006378,0.09017601846116588,0.003891479909415517,-0.4447761546682266,-0.01481195555966178,0.05776020225045954,0.6095825168844423,MRIN,tech
294,1.0,0.9034296938701263,0.8276651293651895,0.8909658773075406,0.8700384902008022,0.047303408665626705,-0.5068020682424491,0.5845762496970555,0.5022635990501227,MRVL,tech
295,1.0,0.8292520201165237,0.8027150848760749,0.8097726098278767,0.8488047105329204,-0.00823358455151294,-0.7177245466020529,0.2756058971918004,0.2559796459902192,MSA,tech
296,1.0,0.8599543810737446,0.8860450610701021,0.9397457857236382,0.953778801262799,0.3647141880038925,-0.6311473889679713,0.5483721936198446,0.29869546667930574,MSFT,tech
297,1.0,0.6846966620493515,0.8521608222039352,0.8625330624795221,0.8543240715984011,0.5765533095136421,-0.6124122621973445,0.5870075400307844,0.13334940041937793,MSI,tech
298,1.0,0.8042650916882664,0.6969999811230039,0.7533053365668461,0.8201296474312892,-0.031127218201512145,-0.45848335019677644,0.24262152194901004,0.38517989594301866,MSTR,tech
299,1.0,0.10952586750583766,-0.1685944327104711,-0.17217866872763668,-0.2068201958705332,-0.8797443813513959,0.09837187583211306,-0.26372836750008527,0.48849567893782464,MTCH,tech
300,1.0,0.8425726976604503,0.9065439646024961,0.9207806719670886,0.9337127503852758,0.33407238763295416,-0.6557773083811909,0.5515416385423982,0.28679155436493914,MTSI,tech
301,1.0,0.3355354466261901,0.10285795811522418,0.1700305479558777,0.08332920603912454,-0.6692044456609836,0.1257958988010746,-0.030156615983620686,0.558830593092857,MTTR,tech
302,1.0,0.8417963782903243,0.7691674476305664,0.8145343253402048,0.8737605167449852,-0.030425827385630638,-0.5165088291741047,0.36314458025516644,0.3336479887020753,MU,tech
303,1.0,-0.7578606848184997,-0.5855189153386348,-0.7857867523836416,-0.7649993771389306,-0.5979494838377003,-0.12777109717267138,-0.6258227222486277,0.06688127931032363,MVLA,tech
304,1.0,0.3664988399463786,0.31790369587068273,0.3063822948199259,0.175664809869821,-0.29946583129272963,-0.09208089414573682,0.426610439494233,0.5450521704749547,MXL,tech
305,1.0,-0.4489644098452363,-0.5629942651018656,-0.5457284994044918,-0.5979064937777806,-0.35866549226317995,0.5170909671521134,0.4207306530334992,0.1868359357261891,MYPS,tech
306,1.0,-0.41111631298081697,-0.5614151058385005,-0.5269425217923256,-0.5852515335738354,-0.3931670439873498,0.5462930565781603,0.44528913857944635,0.2700148813190082,MYPSW,tech
307,1.0,0.4109217499625912,0.09094186902793265,0.09961021898277359,-0.008304483667307279,-0.8408008327235185,-0.015352717053032313,-0.25962295996949725,0.7750546675428938,NCNO,tech
308,1.0,0.7114492156012854,0.522695600923389,0.5578517438100364,0.4685154874756394,-0.32970925762700193,-0.29320124674855186,0.20400267962981208,0.6338122430849324,NET,tech
309,1.0,0.23888979230433216,0.5745345169271678,0.5334573546452661,0.4451387402370255,0.8399606968562289,-0.3649602513231461,0.7325975664678716,-0.015338249574701627,NOC,tech
310,1.0,0.9363661828454146,0.8120338476374115,0.8739295317760153,0.905898852611367,-0.024156990221326176,-0.6083261660154077,0.35009763746542644,0.45694019099763905,NOW,tech
311,1.0,-0.4215042943687826,-0.5119783983833359,-0.555913528914912,-0.5433809616408293,-0.5104567815052637,0.015238813678842996,-0.6539896092377594,-0.2251930324585315,NRC,tech
312,1.0,0.34893542070702904,0.09254148710956678,0.12757473428962043,0.013539554032619952,-0.802692810019232,-0.07394798471961093,-0.20523344770098514,0.7164944907160524,NRDY,tech
313,1.0,0.7239843063887692,0.8480523647279581,0.8614051538383064,0.8927614892688963,0.45957732120629746,-0.6514766730485412,0.5142522297999574,0.1125595254724321,NSIT,tech
314,1.0,0.5818796141957202,0.7491161580702658,0.7605537445626382,0.7799864532318629,0.5988736219215391,-0.5546638005789365,0.4989706911960865,0.007260232980350882,NSSC,tech
315,1.0,0.49462383974443214,0.7127760420462796,0.6850167236564656,0.5945353153983349,0.5355319715498529,-0.3770281383445487,0.7765283425203796,0.2864529258702898,NSYS,tech
316,1.0,0.8928872463246748,0.9270775074948063,0.9586890761784395,0.940885319874985,0.24316357355306098,-0.6140970616671722,0.6249886108027153,0.4558893875625649,NTAP,tech
317,1.0,-0.17407630360983778,-0.006694724621155832,-0.0806930659492225,-0.2322878818194474,0.12481342131207387,0.08626303506330762,0.46264478621208427,0.08830635931682652,NTCT,tech
318,1.0,0.3448115572136855,0.1782231637780928,0.13507666116397699,0.08814742494057617,-0.6519495140550164,-0.15746768527221172,0.030538110831964567,0.49867649788974333,NTIP,tech
319,1.0,0.7207855725692665,0.7044608012803031,0.7266655672890562,0.789874148851723,0.09632481577133431,-0.5936371637698131,0.15163197047724827,0.21530450710662416,NTNX,tech
320,1.0,0.18387500864281298,0.061921339939678396,0.019272279450206164,-0.06942915686669893,-0.6222059251335372,-0.017459035874948483,0.06286170282211838,0.49802670839572755,NTWK,tech
321,1.0,-0.8370209594413432,-0.6372130935777546,-0.7658050576000976,-0.7486152485662468,-0.2437674928229599,0.745231186454417,-0.17748751272587357,-0.5376806480947064,NUTX,tech
322,1.0,0.7117184990487975,0.7151405323972476,0.7903782856015492,0.8808116241614162,0.38074248463020516,-0.5136378057439732,0.3229157933320218,0.07512483051088949,NVDA,tech
323,1.0,0.5706167968930288,0.698693197705927,0.6825404080653841,0.7144962600087846,0.3206310759422515,-0.6717824709367234,0.2892075215808087,-0.012426004367328275,NVEC,tech
324,1.0,0.11953473343572009,-0.02660879069651135,0.036411562569121675,0.05799767511276086,-0.48042151354453083,-0.4225446848550392,-0.34901040069607475,-0.2765379616430608,NVTS,tech
325,1.0,0.14799986593943118,-0.06042663245023188,-0.05373698485997034,-0.12384703755507234,-0.6134366630810687,0.026420755099357606,-0.1431353822723698,0.5242036356528584,NXPL,tech
326,1.0,0.7605785289797213,0.7462583346941963,0.7507827128643326,0.7616830406812645,-0.1427419989192861,-0.24445814888758774,0.164175544581388,0.06750441809488562,NXT,tech
327,1.0,-0.46141470483058267,-0.5153318427745592,-0.4799584129069008,-0.5610567901075378,0.09883334471031714,0.710601030200784,0.7270068697001811,0.32627073463392103,NXTP,tech
328,1.0,-0.03888826880382509,-0.3046909932862336,-0.32252734395026533,-0.2835866336554805,-0.847342498634561,0.12707822106242078,-0.4943830077002972,0.18376585928659497,OBLG,tech
329,1.0,0.14847956103368562,-0.1859294255003574,-0.1648285071762998,-0.15085490179314473,-0.9208583983655586,0.08563207520232977,-0.41936088353918377,0.4203131573855505,OKTA,tech
330,1.0,-0.5649539776414567,-0.7131714126091959,-0.7061715183475847,-0.6454775360515398,-0.46810348442760097,0.45304606073586645,-0.7210876867594255,-0.22593753289913143,OLB,tech
331,1.0,0.3812487738639176,0.131201894466704,0.12791623365921972,0.19978534661915032,-0.769767367278663,-0.3252919535739151,-0.3593806004719313,0.25683351923808123,OLED,tech
332,1.0,-0.14099929330072705,-0.2361479463740248,-0.2834435370846845,-0.3996650574678593,-0.5343987949289615,0.19477002321536702,-0.06035415736386096,0.44084815142140954,OMQS,tech
333,1.0,0.516442911765214,0.7239070935025088,0.7169509635761884,0.6752507822159242,0.6274340354105172,-0.5344281527924606,0.687363095692355,0.019417655740604462,ON,tech
334,1.0,-0.3791120058142675,-0.5435260236500571,-0.40849036906951397,-0.32429552229791825,-0.1823966679767971,0.054436907720704676,-0.16433836383178865,-0.6256978310674043,ONFO,tech
335,1.0,0.7060199914510503,0.8371566528110478,0.8800626926777906,0.9218410780767852,0.48294958064026094,-0.659188374709431,0.33796164407990004,-0.055156356552300945,ONTO,tech
336,1.0,0.7567125920191691,0.8465992963174637,0.8751339693018455,0.881292462133218,0.42252941323104914,-0.6628429857278377,0.514021166225234,0.19922913595686595,ORCL,tech
337,1.0,0.7113077050253934,0.7620258828777063,0.7791006606934076,0.8345535385997586,0.2733935181137069,-0.7166314130121472,0.31027701466549684,0.0835409779131962,OSIS,tech
338,1.0,-0.11154308949968757,-0.3569499938174119,-0.37476874405733124,-0.3432352220152326,-0.855157611607719,0.0919295318107846,-0.5475815646595265,0.1754814168794215,OSPN,tech
339,1.0,0.411418588361004,0.3214371631911028,0.279786751129277,0.19342842531972274,-0.46061871962682194,-0.1729930294814909,0.29632807923779136,0.6147122792950668,OSS,tech
340,1.0,-0.19042180149877846,-0.46616841821275257,-0.46090912653635613,-0.38615398042130133,-0.7452013550611796,0.2063199354900951,-0.6377311565776399,-0.05518248817760383,OTRK,tech
341,1.0,0.28287010907637455,0.014129210044420505,0.00785856525720479,-0.10375035606771271,-0.8735844044766554,0.07607679315198314,-0.18840598268819198,0.7121942976344549,OTRKP,tech
342,1.0,0.31211896825903024,0.043366442492114646,0.06043411146458577,-0.06612205980233485,-0.8198392559403878,0.08551239335034011,-0.1288863611180766,0.7556983489153027,OUST,tech
343,1.0,0.6909341793420593,0.6362659889708419,0.6508016298918521,0.6140798433299197,-0.10566625068772117,-0.39760899959370455,0.3636178958820428,0.6662595197056534,PALT,tech
344,1.0,0.705110554340402,0.8159216468172323,0.8506879312245301,0.8610884429321054,0.5575000257543508,-0.581212738113472,0.5968417009750838,0.1316374609080963,PANW,tech
345,1.0,0.6085749337975819,0.39471636568272267,0.38055460647264144,0.36814900950420804,-0.6335095263465796,-0.3818501041007114,0.06533022499675652,0.5919889056630622,PAR,tech
346,1.0,0.1961814407194783,-0.013551243440256417,-0.02438996908749657,-0.11757686292516911,-0.5008240746425694,-0.07427833688033954,-0.40350965933687244,0.5685894623434629,PAYO,tech
347,1.0,-0.5243984664301471,-0.6331307932348391,-0.6302953328047999,-0.5310061617116713,-0.34864283796078976,0.2254806515813281,-0.7594037652432889,-0.43421212416957905,PAYS,tech
348,1.0,0.45152825599580626,0.45585600227267603,0.4303365945356457,0.2797812976072828,-0.01618033008460275,-0.3097182626856502,0.4935392136782273,0.5358213321602998,PCTY,tech
349,1.0,0.4680173620097292,0.6237750712012394,0.6340677405802336,0.6364193174695262,0.4962701145069495,-0.5403116221414918,0.46464027684592835,-0.10189766147940532,PDFS,tech
350,1.0,0.13788821591702655,-0.1924050622265863,-0.17410400899776463,-0.15174289077716047,-0.9404202785685504,0.060262432653604335,-0.47016510753616886,0.3910801161743305,PEGA,tech
351,1.0,-0.13505200186330152,-0.3732668688860282,-0.38650320268259203,-0.40935458829469457,-0.8251151083901405,0.21690456258854884,-0.47887461540387727,0.35856864082711826,PEGY,tech
352,1.0,-0.38697473123371884,-0.4636048777801385,-0.41273154377164084,-0.4234179323226552,0.26753868096250605,0.5534356858539055,0.7646279868818493,0.20204391477891137,PET,tech
353,1.0,0.5502273080480934,0.712214766556043,0.7322874051470388,0.7587919262486288,0.6006834944318341,-0.5227495744818869,0.5295309059142964,-0.05627694118188558,PLAB,tech
354,1.0,0.7657388241842454,0.8537952737913659,0.87487588579227,0.8906802973418881,0.4049927488209413,-0.6351248565432167,0.5722452695149957,0.23746189611665264,PLUS,tech
355,1.0,0.6267884942362182,0.8320148871161653,0.7654225986255186,0.6999486941728603,0.36418966795527186,-0.7179340183508828,0.5802209990423522,0.24630268371674177,PLXS,tech
356,1.0,0.46473930929749896,0.6721129956307482,0.6474009808503224,0.5612836983977503,0.46341975473842123,-0.43866383271203474,0.7024804492566269,0.17145943172759348,POCI,tech
357,1.0,0.18313167435047684,0.013229210930253404,-0.007172553664997505,-0.08433712051102442,-0.6736846191308311,0.02946781050309956,0.07076939991519762,0.5373905227875451,POET,tech
358,1.0,0.706661458150716,0.6899342357473921,0.6774472273095243,0.5949192941718906,-0.11170825332243883,-0.4946279833248967,0.5684508030467864,0.595003518690826,POWI,tech
359,1.0,0.3181056335083356,-0.08553536486491758,-0.07748606338999992,-0.08585019746721127,-0.8658194672116142,0.07668975290531034,-0.41631031622611836,0.5859545485068336,PRCH,tech
360,1.0,0.5453632969889839,0.5682546556654539,0.5692168649805586,0.42913255145032664,-0.011384244795731717,-0.2814789744823112,0.6556817417653783,0.650764872178047,PRFT,tech
361,1.0,0.51909417430246,0.7498842537605754,0.7084335916181689,0.6640858565331736,0.5248992686273697,-0.6607186126710842,0.6018457170891763,0.04256949212191966,PRGS,tech
362,1.0,0.04571786977748786,-0.11216003280848742,-0.1412213867367259,-0.10409894414601137,-0.6382294781154408,-0.22458820719331693,-0.4022447926379607,0.07130925979697794,PRO,tech
363,1.0,0.17674191569143152,-0.005618754358608762,-0.029151702341598296,-0.11678222575044876,-0.6631227719111478,0.023411450530233326,-0.04097030081245052,0.6152346855372722,PRSO,tech
364,1.0,-0.16550865909326132,-0.3900355949121188,-0.29037758687305204,-0.38047844651286616,-0.45391557531342547,0.5791903387050021,0.5920643320999717,0.41853981757302616,PRST,tech
365,1.0,0.4502812359855007,0.389720804094979,0.33392919064173326,0.25957509465419487,-0.4380678009353885,-0.21611813078962125,0.3182169095980926,0.5275164354968858,PRTH,tech
366,1.0,-0.6118361553528665,-0.6980999321315297,-0.6554545509480914,-0.6796402148624683,0.41511522163583964,0.45394827606800797,0.2071924517678702,-0.19346919492626644,PRVA,tech
367,1.0,0.8289812980796095,0.8967924948074959,0.8873567237560616,0.9041961349437864,0.24756084978248294,-0.7169807150219903,0.4812011075815059,0.26710628434441347,PTC,tech
368,1.0,0.5423249204659668,0.29922861202385737,0.3972363684974597,0.29407616352702237,-0.6578130205396042,0.08376491953208462,0.03400340748736461,0.5645171265323207,PUBM,tech
369,1.0,0.3918387528319301,0.5310871216572522,0.42002026631239536,0.4163515611499775,-0.2695689468540663,-0.6925830566216815,-0.7214756241095851,-0.47983749141124055,PWSC,tech
370,1.0,0.015572060092151811,-0.19133758441443394,-0.1809755514109821,-0.20097979220456919,-0.6569891547415764,0.13031864228688408,-0.31745267246536807,0.35047501968696565,PXLW,tech
371,1.0,-0.7572524145686179,-0.7461189958848906,-0.775132782794131,-0.8270109261459454,0.30713031300608135,0.6235612292693203,0.3080607086690007,-0.18721582681674362,PYCR,tech
372,1.0,0.8516385587099115,0.7916394969671274,0.835935505851072,0.8447282556017442,0.014723358186678425,-0.4729582562770061,0.5077847895171944,0.3892057072143312,QCOM,tech
373,1.0,0.572318852699028,0.6464038740330313,0.6893502708962989,0.6878975668237938,0.5639774846997885,-0.4546287638075439,0.5139692117249701,0.08742762003695592,QLYS,tech
374,1.0,-0.0669648268295234,-0.293593731618633,-0.32665868107942286,-0.3353633763964993,-0.8750984681121844,0.0962942704842545,-0.44519804520594164,0.25516166271002233,QMCO,tech
375,1.0,0.12487083783817339,-0.11030047870182817,-0.13350906941427854,-0.14232263268278622,-0.7331363349377581,0.0448854816637502,-0.23482883083690367,0.3443379509039012,QUBT,tech
376,1.0,0.5980629575995605,0.7003302869037125,0.7159629029732969,0.7604097225473551,0.46170660379256007,-0.5627743976712277,0.4148111735387449,0.08939456537489614,QUIK,tech
377,1.0,0.1605463214600402,-0.16338475093914778,-0.1418251926100424,-0.07839881589706704,-0.8611297458929918,-0.00010017532903429953,-0.47206721527947915,0.19343653062229457,RAMP,tech
378,1.0,0.26849610723609524,0.02787996732355546,0.0017189819724969648,0.0038819632825396046,-0.8058103808239221,-0.09023127343346445,-0.23947632711892486,0.4192948283269855,RBBN,tech
379,1.0,0.32515962219120176,0.14396859670047557,0.19882733085121565,0.14741713789234953,-0.6014543806293535,0.08300287494972117,-0.20914320287475358,0.332479698502276,RBLX,tech
380,1.0,-0.20302339200272598,-0.44091110565769615,-0.45695446382832067,-0.42635125841366617,-0.8039164725397187,0.25722318355831975,-0.5534178255883039,0.13285562738321696,RCRT,tech
381,1.0,0.38303175903606834,0.270262783279707,0.2866276281310103,0.21203675469199798,-0.3752933980288703,-0.10602235665873122,0.21248118546887662,0.45378369667202123,RDVT,tech
382,1.0,-0.45626678219119965,-0.6226267371221103,-0.6344592737556696,-0.5904761290085747,-0.5139903561600943,0.35259996492570583,-0.581677912865632,-0.1775137417183777,REFR,tech
383,1.0,0.24547824219546363,0.023531641692366857,-0.002544958511038913,-0.003148580018003685,-0.7442036799236681,-0.0815213572193075,-0.21001612874642903,0.4476035671761136,REKR,tech
384,1.0,0.09739886206172528,0.4312501915730261,0.3538766441488889,0.24533013690778718,0.6532361368894624,-0.24611748910482317,0.6403688337758762,-0.03580130537953025,RELL,tech
385,1.0,0.5040154073614862,0.3994920674846547,0.4549776106090646,0.45757500832318593,-0.39686429362672315,-0.6557152801347554,-0.31236901270993156,0.041841698135375804,RELY,tech
386,1.0,0.0034610948790089247,-0.05292896610562799,-0.09399618575759738,-0.23516095240842566,-0.45250326393968254,0.10318575901855878,0.1473498785223432,0.47787163075869804,RFIL,tech
387,1.0,-0.027074326695303668,-0.1751019227284694,-0.08683466834401178,-0.1628684630905502,-0.5102131033406848,0.5541762628076167,0.6947366076824251,0.4541032911548255,RGTI,tech
388,1.0,0.561481936393016,0.4002594025150872,0.38077370441392755,0.35183643271862486,-0.521910443677102,-0.29711250668485867,0.1305789079404275,0.5770230086966368,RIOT,tech
389,1.0,0.5321353680626985,0.6928350576902433,0.7022158722392067,0.7349551236130645,0.5734540446242176,-0.5790473020665942,0.42828991133228494,-0.07343206655068524,RMBS,tech
390,1.0,0.1461764245324086,0.013643781904275046,-0.020319482708530023,-0.11448606264865133,-0.5457702821843708,0.018269786519360856,0.06696533401353547,0.6305424713128549,RMNI,tech
391,1.0,0.2557571156344003,0.24132055626473387,0.253994174765159,0.11523839701736643,-0.03013859132244916,0.008775729626717453,0.610741694868179,0.4572350214288257,ROG,tech
392,1.0,0.8616914317878829,0.8923580590296452,0.9148007697359053,0.9059027817618895,0.2006034605786163,-0.7402728707677446,0.48170251040923023,0.3495671694427032,ROP,tech
393,1.0,-0.059826164897597484,-0.37032163987929706,-0.35599544751623863,-0.3336133124308501,-0.8967221931279395,0.19679722250487813,-0.5166354115069913,0.28857995701183786,RPAY,tech
394,1.0,0.4279453948116329,0.2118701007287544,0.23272506930229808,0.14103578915559595,-0.6175169222737712,-0.08687652535138166,0.1643359439735518,0.699144030023501,RPD,tech
395,1.0,0.010602912579056782,-0.08860625488198182,-0.06621154063135315,0.020660608310789173,-0.243701016977099,-0.06156224598907575,-0.45872066846485293,-0.06240732669300207,RSSS,tech
396,1.0,-0.4158534673685015,-0.49327669963629606,-0.44782253628705393,-0.4986583593468636,-0.17957926114920264,0.6752916955136875,0.46977295687932835,0.03782246444320358,RUM,tech
397,1.0,0.3295121868163684,0.14246487919768028,0.10759900242548413,0.06598901334503945,-0.7035289686247171,-0.11314078617223475,-0.031472120931376524,0.5754117593662454,RVYL,tech
398,1.0,0.1884454483560596,-0.08380383958456718,-0.09025167867975042,-0.19890483508687776,-0.830408396708103,0.211977924029667,-0.0913489368020094,0.6971472687914456,RXT,tech
399,1.0,0.2120302598414433,0.10880664138863018,0.17723661308594352,0.0787501725202452,-0.04941189854886628,0.24976251517034725,0.5231787446858711,0.5479610650567077,S,tech
400,1.0,0.4646581728212407,0.734690970630109,0.693295108051386,0.6699067569050781,0.6558280154993419,-0.556617489127385,0.5967279577366063,-0.02879386733081753,SANM,tech
401,1.0,-0.45166892708631246,-0.5853579169943048,-0.589262110738352,-0.5937846080843927,-0.5818836643320295,0.34946384187267376,-0.5020494031853058,-0.06285350420483138,SATS,tech
402,1.0,-0.03756750824114572,-0.16403236739178798,-0.09409851302468714,-0.17448033923237435,-0.5972115624974929,0.5528934705524455,0.6375515286976794,0.5152021608287592,SBIG,tech
403,1.0,0.30539845732066173,0.1745038580397058,0.1381418434961284,0.06209432725769468,-0.5596194373416602,-0.07816738579724908,0.12961045040960753,0.6161914325097068,SCKT,tech
404,1.0,0.6824290389456,0.7993506206647096,0.8019263140480339,0.7897567992696762,0.31461504909334337,-0.5866506084327694,0.5938646946022141,0.32163914177576536,SCSC,tech
405,1.0,0.0628126477999143,-0.1510813493770897,-0.15656391699136668,-0.22560527482832,-0.7439201693048658,0.08973888443892716,-0.18055006104314406,0.5209017749198479,SCWX,tech
406,1.0,0.15617163585992325,-0.2820045868862592,-0.270864717280501,-0.18512136233348248,-0.8385757048497283,-0.013197128350590778,-0.6132182771440258,0.27740647142751795,SDGR,tech
407,1.0,0.3635853814874608,0.10174136914526831,0.10015805643301974,0.05364397307417183,-0.7838509519851545,-0.08396127769257325,-0.1247790544556254,0.6798968149089263,SE,tech
408,1.0,-0.5561395864588339,-0.6251942611221515,-0.6338978530811152,-0.6141402937399707,-0.3986638717801991,0.3983020838384056,-0.5323373853750281,-0.2428549096833997,SEAC,tech
409,1.0,0.7216631304334111,0.6582954722307937,0.6807782031311571,0.6261806850965903,-0.18678477765394408,-0.43881089165795545,0.5263833839288868,0.48589985081215936,SGH,tech
410,1.0,0.38059715977736225,0.31775277350055436,0.33738710158645685,0.22329283517130727,-0.14201944487815069,-0.05829201086827588,0.4878826382024852,0.545318894167503,SGMA,tech
411,1.0,0.19527589316777216,-0.05558508457059768,-0.03261346972352406,-0.14602542554181303,-0.7742450735969288,0.17558851010465581,-0.1106136905562538,0.7496710426428107,SHCR,tech
412,1.0,0.22641424995735185,-0.027448502669067124,-0.0010191608197200783,-0.11048808983941097,-0.7507141258753531,0.13703736708561634,-0.1268980923749863,0.7592431244151828,SHCRW,tech
413,1.0,-0.3929419962519751,-0.4269716137368788,-0.489223650585041,-0.5226639498633585,-0.17846862377503184,0.11012966350206316,-0.22330632910348966,-0.13670214393391628,SHLS,tech
414,1.0,0.3550386435873175,0.25582016672119245,0.3047474677675164,0.18822017286636808,-0.19270027004260795,0.05885236118910293,0.4070672722902495,0.5186971177862439,SITM,tech
415,1.0,0.037942940293866176,0.08681841623928925,0.04447880461288163,0.023118249461270054,-0.16053759123623285,-0.025798304122749784,-0.14078093461506952,-0.2907066942252668,SKYT,tech
416,1.0,-0.7953919465438326,-0.7520241885344425,-0.7968980715137833,-0.7651141436793265,-0.25156575826989797,0.580873719934111,-0.3151094989538889,-0.5942593465593218,SKYX,tech
417,1.0,0.5267964496059793,0.586403453860679,0.5494730233954183,0.46710620279836457,-0.07034972648703298,-0.39425010824977735,0.5074391296879031,0.3639811009063745,SLAB,tech
418,1.0,0.35098577914318124,0.20096368385262842,0.2039018249816882,0.10720123567512403,-0.5146134604889242,0.010342706305994152,0.2857307031411733,0.6602281827361254,SLNH,tech
419,1.0,-0.34607284927018017,-0.4363135708913093,-0.36494655859793507,-0.36330219037451755,0.2158518988217087,0.6604988612287641,0.8270473701943832,0.5198535439673659,SLNHP,tech
420,1.0,0.09756881235087667,-0.14999716915969988,-0.12352400470751568,-0.08132756320520657,-0.4646232047023396,0.0032137518994513523,-0.2228638608894742,0.04945437862655249,SLP,tech
421,1.0,0.32408791860319813,0.04161933637777419,0.050086586725551045,0.046607505272338014,-0.8285424971151586,-0.09325935319255572,-0.2798942426212914,0.4649375835108259,SMAR,tech
422,1.0,0.5642183776100669,0.5965439913943397,0.6552199731300854,0.7603463948677527,0.406337462584149,-0.4229476064165144,0.21828175972287828,-0.03543666725789577,SMCI,tech
423,1.0,-0.1648851570976501,-0.2788447954097159,-0.20912545457775691,-0.205094309615776,-0.17896607511127977,0.2530027132506172,0.6417729777996298,0.3210559783768967,SMRT,tech
424,1.0,-0.20808861667356648,-0.4265842441233711,-0.45068103402579796,-0.47478851932837574,-0.8004380801349458,0.28976365899326145,-0.4237508633705741,0.2001146517938039,SMSI,tech
425,1.0,0.1302946662532676,-0.11843164234429432,-0.10080386947601845,-0.14106035192552482,-0.7436660410919829,0.13680213975012698,-0.09391071987206386,0.4666564775726082,SMTC,tech
426,1.0,0.35561473595111964,0.09954772713533379,0.09212161769685087,0.05201180373732863,-0.8102152125916517,-0.07804111296875951,-0.12762862222195293,0.6662394531008792,SNAP,tech
427,1.0,-0.32680885379476726,-0.5459550379152885,-0.5562773094015039,-0.5167364536157122,-0.7433168127124793,0.26570678357869837,-0.61817174658309,-0.053975821161629675,SNCR,tech
428,1.0,0.3060997179604861,0.17630656121859056,0.29209116644811733,0.23892229996846034,0.217197393276526,0.19714767876628395,0.4958260399652382,0.4553999749035559,SNCRL,tech
429,1.0,0.5010533842103466,0.22958847501095628,0.26298260905568355,0.13296002071324653,-0.7749198865498772,-0.045977857885790833,-0.2598531492192236,0.6321321463455932,SNOW,tech
430,1.0,0.7294710827223667,0.8242888409843723,0.8599800855840297,0.8850310720893438,0.5274623823038869,-0.6182760653281582,0.538594606473755,0.12854407805132465,SNPS,tech
431,1.0,-0.1943976735770502,-0.485408866196863,-0.46637452864951373,-0.4655451382622045,-0.8092263077671047,0.3649092869117648,-0.4917842064941385,0.26741589484630235,SOFO,tech
432,1.0,-0.7966638674993226,-0.7562182266229159,-0.7867991500619985,-0.8137679908469637,0.4873436160996802,0.8067495163412958,0.3596672711402106,-0.34436179457773913,SOPA,tech
433,1.0,0.5756629558933444,0.5898933461031229,0.6261951716101168,0.6427384879298952,0.09458762797012878,-0.31551984943519507,0.06253218436384993,0.2559521065131298,SOUN,tech
434,1.0,0.5197252381424372,0.5574343872410107,0.595000813304269,0.6945268156421017,0.35899787492551566,-0.5189682118452207,0.12970667725229887,-0.10470515824946412,SPOK,tech
435,1.0,0.7475605295998952,0.846580273041803,0.8660461531850958,0.8544269077436942,0.4602600897100711,-0.6439490236144976,0.5856044081247865,0.23066311059501513,SPSC,tech
436,1.0,0.35684917660363824,0.21136326724099003,0.19111196825689444,0.046900911432215246,-0.3911473265835235,-0.07832803890783674,0.07030515465454294,0.7142685021333531,SPT,tech
437,1.0,0.1547564742019266,0.06284078729354604,0.009649285484865672,-0.07973373665937504,-0.4448998822939481,0.010024580583068668,0.14993562125153548,0.3957580350988341,SPWR,tech
438,1.0,0.32015039734181383,0.05036465514932897,0.037651839480117334,0.009513197765181742,-0.8491771616436984,-0.08945907867649716,-0.21084835360146265,0.5910429783926899,SQ,tech
439,1.0,0.6399576742924291,0.48336757902303246,0.48729055952237,0.4241818410280053,-0.5987279825367062,-0.39152839367033726,0.22286314580523517,0.5612567375535775,SSNC,tech
440,1.0,0.5358426436158031,0.5273222997868966,0.5806580333347671,0.6848278759433442,0.2545622276277637,-0.3355621826532216,0.127196001326996,0.032675589388679475,SSNT,tech
441,1.0,-0.14299699595425383,-0.1970152746596326,-0.2842065554600354,-0.3625590938583635,-0.5422008711291176,0.14589436689730287,-0.1570069802366415,0.2691975647883071,SSTI,tech
442,1.0,0.4601713132359487,0.3459357448048929,0.31990643546141034,0.21160452704132904,-0.539320232959376,-0.17669485697667225,0.24902830973595663,0.7007334781980963,SSTK,tech
443,1.0,0.15669326645757578,-0.027751270544135336,-0.034988234711164655,-0.07144185326190011,-0.5879390928222353,0.03221693434171056,0.007940206831677376,0.31471704141674056,SSYS,tech
444,1.0,0.044594678573886715,-0.20533594805255181,-0.2103524302618106,-0.33381228472275704,-0.6386612754071946,0.2167914259882509,-0.14902906334888388,0.6115633438382303,STEM,tech
445,1.0,-0.15964959157039935,-0.22982249771019686,-0.16172603928834117,-0.21730919896563716,0.6687560003909275,0.5101773125374844,0.5164716936881613,0.16608062515283417,STER,tech
446,1.0,-0.024588384293884484,-0.2859162179627214,-0.3103495141349943,-0.25968744436206015,-0.8511558740718461,0.040053132526832326,-0.5611864075627846,0.15074059937065065,STNE,tech
447,1.0,-0.1804344876307873,-0.16323737184927234,-0.25893914261274303,-0.36496625409830863,-0.44802627525136046,0.06421985689965079,-0.012866991421399989,0.15174191399402667,STRM,tech
448,1.0,-0.5669907033154069,-0.5821972466297222,-0.6247562965437508,-0.5589890255489361,-0.24343258048722774,0.21883494598720737,-0.6279364924219444,-0.37534221235749093,SURG,tech
449,1.0,-0.07930067936296387,-0.3728500092693316,-0.3495909499499521,-0.30179566624581716,-0.824510609995652,0.1326604537592032,-0.6257552829209944,0.18090399794595116,SWI,tech
450,1.0,0.37785673916564505,0.126228877590076,0.10973645184616698,0.08227027821353582,-0.8535890176684244,-0.20142163406542557,-0.16821367288558509,0.5460551921164405,SWKS,tech
451,1.0,0.5160159257639775,0.4466484879337625,0.457661583421588,0.35243582207816027,-0.25481168123934045,-0.14665351001241922,0.4627208701447732,0.6069738922526469,SYNA,tech
452,1.0,0.3801082307306113,0.2790180808861057,0.22070032844801815,0.14177874842640587,-0.660445556938099,-0.30689006392935875,-0.009553840921872798,0.5477289958815319,TACT,tech
453,1.0,0.56203594066474,0.6784133993889274,0.6202868237633639,0.5070901577596683,0.12920730434459277,-0.49618184800401527,0.6339886048733839,0.44614906732425513,TAIT,tech
454,1.0,-0.2646618928785666,-0.2693589392278744,-0.2604177195254091,-0.34545219797975396,-0.2800061846798603,0.5791796624236626,0.6367367592297339,0.36790753760185246,TASK,tech
455,1.0,-0.032849288748771056,-0.28477511073480327,-0.28694952349784725,-0.3340717137478454,-0.8187187065707046,0.22843365013180258,-0.2845038290514662,0.376099078693725,TCX,tech
456,1.0,0.6869786403363671,0.7220344118714542,0.7096117737441824,0.6089418811957696,0.018371532114625663,-0.5293192045531846,0.6055614587288167,0.5847515273657257,TDC,tech
457,1.0,0.730369321011212,0.7094227916905846,0.7271810405358867,0.6571614026176189,-0.015450700286204594,-0.4368666687337325,0.6809237354268157,0.4836469412447311,TENB,tech
458,1.0,0.013639332222915796,-0.014266685861520542,0.000572836600905132,-0.07030489032157797,-0.1498453077722333,0.5121826785322506,0.35566155878833305,0.1669690039322287,TGAN,tech
459,1.0,-0.7107813069781511,-0.7030680605123345,-0.6976018037764893,-0.6504267690084076,-0.41980576912870726,0.32148402187184466,-0.4418712124107026,-0.5860890326138154,TGL,tech
460,1.0,0.23267008530299185,-0.032512781874639414,0.005991536391923107,-0.12482652201772906,-0.6793657135974203,0.1904981898169533,-0.04838665968458474,0.8060163017463439,TLS,tech
461,1.0,-0.024581434643417846,-0.2590413561141702,-0.2948790114313038,-0.2895633646703809,-0.820345392009282,0.07828842641099364,-0.3965462567937024,0.26512437969516156,TPIC,tech
462,1.0,0.7006108354911403,0.8570961871473969,0.8757274009812104,0.8498484109147219,0.5761625985243406,-0.5557688270538266,0.6770334715700874,0.17560125342269914,TRNS,tech
463,1.0,0.640460733601531,0.6522754972518736,0.6865303333950584,0.645264922755048,0.13854979752733346,-0.40400689286790203,0.5459848745115191,0.2389372213662222,TRT,tech
464,1.0,0.24993453994370687,0.03853090434798066,0.008777542053713745,0.011018193814170466,-0.8440498433402684,-0.14257404988400219,-0.24553529545226557,0.394204972689428,TRUE,tech
465,1.0,0.7685990911264075,0.7699100170976598,0.7721581105538295,0.7042739627079223,0.024990562099474912,-0.46383102988577113,0.6262976348558738,0.5220934363803267,TSRI,tech
466,1.0,0.8847711460377038,0.7374641278636275,0.7922406358171361,0.8028344591936418,-0.10445408012680404,-0.5743810111852123,0.3638312859958139,0.40392718040311504,TTD,tech
467,1.0,0.12924958125689034,-0.011910249744872734,-0.0530865639489138,-0.1652522769629774,-0.669435960218045,0.06346108331108234,0.07065509340100251,0.5799763469812977,TTEC,tech
468,1.0,0.364882240792434,0.24219241406551179,0.22886159676098963,0.11100524712060068,-0.42496042983886495,-0.03407471255994783,0.34791656783226715,0.6426317738232046,TTGT,tech
469,1.0,0.5639809923122541,0.7095177269204398,0.6599415046699993,0.6221530412245986,0.20113845214397508,-0.6071716627944579,0.4566508553076127,0.14142748010999368,TTMI,tech
470,1.0,0.5478133331888225,0.2113700040311759,0.2610136971807014,0.31369813405115143,-0.7294279323458236,-0.26121009783014776,-0.19351849963968001,0.38898868889889726,TTWO,tech
471,1.0,-0.7331509567990724,-0.7352834943378894,-0.7393773483989635,-0.7493236036690294,0.2745904089156946,0.730654860101372,0.5402177210776403,-0.12609619397037472,TWKS,tech
472,1.0,0.8226639190096152,0.8864539486726628,0.8638905884597987,0.7935936241983149,0.08976995471345631,-0.6368330333068937,0.6562340552433329,0.5245569183309131,TXN,tech
473,1.0,0.8525029851199247,0.6240702701200521,0.6833610873900452,0.6714367218061018,-0.38660413888693784,-0.46473722599776285,0.21170334768699478,0.5971882453703895,TYL,tech
474,1.0,0.36929590620461616,0.07419236707519246,0.11712172814218014,-0.019720770662191557,-0.825756038883935,0.10745345366966386,-0.09315554868333377,0.674556598484169,U,tech
475,1.0,0.7797338790168346,0.6979843943125946,0.6854533734737892,0.6486274745185432,-0.3448141899474464,-0.4654537621854294,0.377840783518376,0.5714457350711774,UCTT,tech
476,1.0,0.06177330482421368,0.07851589611647992,0.005343460350003512,-0.13514006329177736,-0.27232077998097004,0.027558398896975443,0.28532213611120705,0.40721754763899415,UI,tech
477,1.0,0.16470316722397557,-0.06387790010247862,-0.07280701524861337,-0.12735109197180805,-0.774654339314211,0.10965026795964344,-0.09856357703863972,0.553543361585773,UIS,tech
478,1.0,0.4347880331730689,0.2647780983057147,0.3225269471991918,0.40979942871696345,-0.17604340485090322,-0.3302976514560598,-0.15332096854327776,0.18774652231090316,ULBI,tech
479,1.0,0.6711385807018265,0.492739185489947,0.4741349069001891,0.4455096273543603,-0.6065674705862859,-0.45262175014775635,0.055082397597230014,0.6595702083852976,UPBD,tech
480,1.0,-0.22395511778666777,-0.47908242423620667,-0.4983288919180013,-0.4817748793389647,-0.8694543264562323,0.2363995590691841,-0.5785738809879344,0.16973681827108564,UPLD,tech
481,1.0,0.40497891484044035,0.22749791497830366,0.20287909539093463,0.13612442541134787,-0.6413496498098704,-0.15236866123445228,0.06606875541604304,0.6811577573962094,USIO,tech
482,1.0,-0.3792457836942085,-0.4931839598995264,-0.4199104349678813,-0.44724396473894745,0.39849576811933257,0.5040089118346994,0.6096743622327888,-0.032385566245151,UTRS,tech
483,1.0,0.3776764836666027,0.2426612016827354,0.20858618162690132,0.1343291012632039,-0.4592451945880025,-0.171161543634043,0.216115390785621,0.5725330925458676,UUU,tech
484,1.0,-0.16575918041701546,-0.2949289110334794,-0.22795615433161923,-0.331831614657062,-0.4061933257670088,0.6337936061895162,0.6045987529863512,0.3740373749420138,VCSA,tech
485,1.0,0.8746893769429787,0.9030038744914688,0.947304809949173,0.9647607045884413,0.28463506804138244,-0.6168325032302728,0.5953877757618229,0.2985820277363869,VECO,tech
486,1.0,-0.08764493880888444,-0.3514588712490744,-0.34727821246414575,-0.36845674368776876,-0.7971672373937542,0.24631988824956172,-0.40099447709350583,0.3517585623173779,VERB,tech
487,1.0,0.257739042345616,0.009152001840088426,0.002979484637414091,-0.014930909191349921,-0.7368393949577842,0.010730560936813268,-0.10206525323984386,0.4374495651882139,VERI,tech
488,1.0,0.7098306021156823,0.7741964962960965,0.7784037408580532,0.8189615776238854,0.036150645220710695,-0.7523110496741436,-0.4494028177054611,0.0075186139879770434,VERX,tech
489,1.0,-0.00442619670164717,-0.14089463062939608,-0.17298041142050666,-0.2748577524716347,-0.6257343623767161,0.13644567221736767,0.009783026947110274,0.41407145520608046,VIAV,tech
490,1.0,0.289420136450831,0.05889444903428407,0.06430810921937515,-0.014866994789391363,-0.6688170296921253,-0.054276695794524925,-0.032497029965436026,0.5903069534282251,VICR,tech
491,1.0,-0.03909479515603232,-0.16064606150128732,-0.0809157692540979,-0.16341926513372793,-0.5040467009608584,0.5215191940167407,0.7277560844090708,0.4883386946837924,VMEO,tech
492,1.0,-0.6821021172387715,-0.7102559481059245,-0.6960607363319969,-0.7425650784518478,0.11039723374172443,0.6242302857284938,0.3684145049238631,-0.19281325604918367,VRAR,tech
493,1.0,-0.33062777706341456,-0.5296369340425503,-0.5326371527624775,-0.5140750770022375,-0.7186911034342188,0.29007219432843684,-0.5445622214731248,0.018418165223121095,VRME,tech
494,1.0,0.6762135501873467,0.4122128544694767,0.4357061773976724,0.43165134470270766,-0.6336668776282512,-0.3171205987667851,0.036519006727824654,0.6952374370652684,VRNS,tech
495,1.0,0.39690430357177964,0.4261264851571045,0.38883541194202625,0.2610174037569174,-0.19197384598492157,-0.15936154747303374,0.5867772313565024,0.5103203363786111,VRNT,tech
496,1.0,0.23317471030190723,0.14660255605788924,0.12525588989704536,0.059200819116383946,-0.4698682389854376,-0.3326998656871444,-0.15834090337932735,0.17298106872542052,VRSN,tech
497,1.0,-0.22693826226572406,-0.29030962401786553,-0.3493562791860046,-0.4427733690064252,-0.5885521870539191,0.11968334420369528,-0.1899720220781137,0.22137210831302473,VSAT,tech
498,1.0,0.594984445571543,0.7288901707831794,0.6829130756140985,0.6648738321198766,0.20900959384415085,-0.7229783276683636,0.44711191344890033,0.07898094805620645,VSH,tech
499,1.0,0.2782252942864365,0.14802020917890651,0.09934519827619243,0.03798984457458326,-0.5596001205619657,-0.12659505742639318,0.06459380299118828,0.5073408104275109,VUZI,tech
500,1.0,0.3539835790881484,0.2570131875041743,0.26060543513811807,0.14389886406274466,-0.40661979321875186,0.01573745685450166,0.39815167606708246,0.6146870833944164,WAVD,tech
501,1.0,0.8341977478251391,0.6545732693204019,0.6827552755363735,0.7029286672407644,-0.3919481509021857,-0.5624126716694259,0.11244934769455607,0.4656242239609084,WDAY,tech
502,1.0,0.5529498284477151,0.43912939181861155,0.4456363399526229,0.4695597214328184,-0.38368616987734416,-0.3552892433648955,0.12108321538455036,0.4266794986052559,WDC,tech
503,1.0,0.4562924654921492,0.526605565961683,0.4587626938330869,0.4682516571852197,-0.12699000828106694,-0.6626541747833434,0.19855585716204757,0.08228069502656121,WEX,tech
504,1.0,-0.6049622653926435,-0.7138001763753364,-0.7026465228006584,-0.6245015962631644,-0.347805961861412,0.3801456029222644,-0.7766148319619276,-0.4195830371447659,WFCF,tech
505,1.0,0.31434460369980466,0.04085907535565273,0.07522540222249265,-0.052811759944984486,-0.7927651419961371,0.11372617490243164,-0.10354923152812455,0.7820491236527793,WGS,tech
506,1.0,-0.3778215288989008,-0.4895676677597457,-0.5217852227350727,-0.5146800146051711,-0.580733805046792,0.24529946633583075,-0.5055744484077305,-0.025435457233312572,WISA,tech
507,1.0,0.7541814634298478,0.6921336270414251,0.6847473113387557,0.5890767412783898,-0.2241313201142582,-0.49664452685343413,0.46543749732435863,0.6666824753346262,WK,tech
508,1.0,0.08254729050093583,-0.003184655710988982,-0.04307819546931384,-0.15861885972097037,-0.41355319374085225,0.07640017970199478,0.16814289362276105,0.3478019582362095,WOLF,tech
509,1.0,-0.0118312386104488,-0.29261081998402394,-0.3000105007591148,-0.2454212837075588,-0.8227830532189152,0.12326366689209774,-0.4691413613234869,0.16172360643926345,WYY,tech
510,1.0,-0.23927624770426548,-0.3179461230533602,-0.3239469935093141,-0.42962193557386663,-0.27321041846842975,0.3337504940251207,-0.05917753204411992,0.27630745573628074,XAIR,tech
511,1.0,0.05461083399970892,-0.21408150982201,-0.22697162741360852,-0.228806135921157,-0.8421010550612122,0.06447032722254706,-0.40443220382834794,0.4027523688784623,XELA,tech
512,1.0,-0.2931504918510208,-0.35674722662302366,-0.311248143523015,-0.3373972068153006,-0.243587297205111,0.10129281094127822,0.23654484464299447,-0.3907349379143666,XELAP,tech
513,1.0,-0.49952724355655315,-0.4745873919094048,-0.5016674916780184,-0.5697650833886865,0.5182991275375662,0.6426163242702365,0.3368077150600834,0.0420378408997504,XMTR,tech
514,1.0,-0.2674057063626784,-0.4087310754177226,-0.367314149801345,-0.364525090833823,-0.3295379818373115,0.012045989496149639,-0.25784593810117834,-0.012189749216379756,XPON,tech
515,1.0,0.050289202432608864,0.03718479146625198,-0.032173291886883996,-0.06653069324915746,-0.5076142350364601,-0.18437703833850838,-0.12997893418296258,0.0863813685951801,XRX,tech
516,1.0,0.7299438212360584,0.7777842276140744,0.7567872142537417,0.7012989975586498,0.13003181194686414,-0.6886768396614288,0.5085229236410934,0.36484893896310977,YELP,tech
517,1.0,-0.25429359842740856,-0.5235736573358861,-0.5259267293147755,-0.46029351514855116,-0.8359265919451586,0.15170393560667314,-0.7512597197130854,-0.051872455814991954,YEXT,tech
518,1.0,0.5319518478587213,0.3569997826436718,0.3514627310366504,0.27128754368097846,-0.6097644176052024,-0.20471678556914955,0.18030524698355826,0.6940835290006271,ZBRA,tech
519,1.0,0.07616586104898515,0.029820323290940802,0.0931359985887234,0.027589171100136863,-0.05669416902349838,0.39749163964493545,0.663744916070331,0.5531386746607141,ZENV,tech
520,1.0,0.0445664321017758,-0.2717910357320789,-0.2312736261808848,-0.34953763777926616,-0.6231586219188568,0.41036135393554124,0.033615903811593316,0.6218045726683579,ZI,tech
521,1.0,0.013366307658121778,-0.2932612970202573,-0.2890060555729594,-0.2635368165352917,-0.8465372150263742,0.14171217863119367,-0.4902631379037755,0.295220101705125,ZM,tech
522,1.0,0.8019736500473927,0.6333969276855321,0.672753967721561,0.6113531735424,-0.26983652857635776,-0.3552356565166222,0.39967869319563476,0.6993286393897707,ZS,tech
